key	domain	es_mx	pt_br
question.1.prompt	question	Recibes tu mesada del mes. Después de cubrir gastos fijos, te sobran $2,000 MXN.	Você recebe sua mesada do mês. Depois de cobrir os gastos fixos, sobram R$ 600.
question.1.opt.A.text	question	Lo meto a algo que pueda dar buen rendimiento aunque sea arriesgado	Coloco em algo que possa render bem, mesmo que seja arriscado
question.1.opt.B.text	question	Investigo en internet opciones como Cetesdirecto o fondos antes de decidir	Pesquiso na internet opções como Cetesdirecto ou fundos antes de decidir
question.1.opt.C.text	question	Lo guardo en mi cuenta y no lo toco, prefiero tenerlo seguro	Guardo na minha conta e não mexo, prefiro ter o dinheiro seguro
question.1.opt.D.text	question	Le pregunto a alguien que sepa de dinero qué me conviene	Pergunto para alguém que entende de dinheiro o que me convém
question.2.prompt	question	Tu mejor amigo te propone ser socio en un negocio. Necesitas poner $5,000 MXN. Varios del grupo ya dijeron que sí.	Seu melhor amigo propõe que você seja sócio em um negócio. Você precisa colocar R$ 1.500. Vários do grupo já disseram que sim.
question.2.opt.A.text	question	Si varios ya entraron y confío en mi amigo, le entro también	Se vários já entraram e confio no meu amigo, entro também
question.2.opt.B.text	question	Le digo que no, prefiero no arriesgar mi dinero en algo incierto	Digo que não, prefiro não arriscar meu dinheiro em algo incerto
question.2.opt.C.text	question	Le pido el plan de negocio, números, y decido con base en eso	Peço o plano de negócio, os números, e decido com base nisso
question.2.opt.D.text	question	Me emociona la idea, le entro de una y quiero participar activamente	A ideia me anima, entro de imediato e quero participar ativamente
question.3.prompt	question	En tu grupo de amigos todos hablan de una cripto que subió 40% en una semana. Varios ya compraron y te presionan para que entres.	No seu grupo de amigos todos falam de uma cripto que subiu 40% em uma semana. Vários já compraram e estão te pressionando para entrar.
question.3.opt.A.text	question	Busco información por mi cuenta antes de meter un peso	Busco informação por conta própria antes de investir um centavo
question.3.opt.B.text	question	No me importa lo que digan, yo no le entro a cosas que no entiendo bien	Não me importa o que digam, não entro em coisas que não entendo bem
question.3.opt.C.text	question	Si tanta gente está ganando, algo de cierto debe haber, meto una cantidad moderada	Se tanta gente está ganhando, algo de verdade deve haver, coloco uma quantia moderada
question.3.opt.D.text	question	Le meto con todo, este tipo de oportunidades no se presentan dos veces	Entro com tudo, esse tipo de oportunidade não aparece duas vezes
question.4.prompt	question	Es Hot Sale y ves una laptop con 35% de descuento. No la necesitas urgentemente, pero la oferta se acaba en 24 horas.	É uma promoção especial e você vê um notebook com 35% de desconto. Não precisa dele com urgência, mas a oferta acaba em 24 horas.
question.4.opt.A.text	question	La compro, estas oportunidades no se repiten	Compro, essas oportunidades não se repetem
question.4.opt.B.text	question	Comparo specs, reviews, precios en otras tiendas y si conviene la compro	Comparo specs, reviews, preços em outras lojas e, se valer a pena, compro
question.4.opt.C.text	question	No la compro, prefiero guardar ese dinero por si surge algo que sí necesite	Não compro, prefiro guardar esse dinheiro caso apareça algo que realmente precise
question.4.opt.D.text	question	Le pregunto a alguien que sepa de tecnología si realmente vale la pena	Pergunto a alguém que entenda de tecnologia se realmente vale a pena
question.5.prompt	question	Quieres irte de intercambio. Necesitas juntar $80,000 MXN en 10 meses. Hoy tienes $0 ahorrados.	Você quer fazer um intercâmbio. Precisa juntar R$ 25.000 em 10 meses. Hoje você tem R$ 0 poupados.
question.5.opt.A.text	question	Me armo un plan detallado: cuánto ahorrar al mes, en qué instrumento, con fechas	Monto um plano detalhado: quanto poupar por mês, em qual instrumento, com datas
question.5.opt.B.text	question	Le pido ayuda a mis papás o busco una beca, solo no creo poder	Peço ajuda aos meus pais ou busco uma bolsa, sozinho acho que não consigo
question.5.opt.C.text	question	Siento que es imposible, mejor busco opciones más baratas	Sinto que é impossível, melhor buscar opções mais baratas
question.5.opt.D.text	question	Busco generar dinero extra de donde sea — freelance, venta de cosas	Busco gerar renda extra de onde for — freelance, venda de coisas
question.6.prompt	question	El banco te ofrece tu primera tarjeta de crédito con un límite de $15,000 MXN.	O banco te oferece seu primeiro cartão de crédito com um limite de R$ 4.000.
question.6.opt.A.text	question	La acepto de volada, tener crédito me abre puertas	Aceito na hora, ter crédito abre portas
question.6.opt.B.text	question	Investigo la tasa, CAT, anualidad y comparo con otras opciones	Pesquiso a taxa, CET, anuidade e comparo com outras opções
question.6.opt.C.text	question	No la quiero, las tarjetas de crédito te endeudan	Não quero, cartões de crédito te endividam
question.6.opt.D.text	question	Le pregunto a alguien de mi familia si es buena idea	Pergunto a alguém da minha família se é boa ideia
question.7.prompt	question	Ves un anuncio en Instagram de un curso de trading con testimonios de gente que "ya vive de esto". Cuesta $3,000 MXN.	Você vê um anúncio no Instagram de um curso de trading com depoimentos de pessoas que "já vivem disso". Custa R$ 900.
question.7.opt.A.text	question	Si tanta gente lo recomienda, algo bueno debe tener, me inscribo	Se tanta gente recomenda, algo de bom deve ter, me inscrevo
question.7.opt.B.text	question	Busco reseñas independientes, reviso el temario y al instructor antes de pagar	Busco avaliações independentes, revejo o currículo e o instrutor antes de pagar
question.7.opt.C.text	question	Me llama la atención pero $3,000 es mucho, mejor no arriesgo	Chama minha atenção, mas R$ 900 é muito, melhor não arriscar
question.7.opt.D.text	question	Me inscribo ya, si no funciona al menos aprendí algo	Me inscrevo já, se não funcionar ao menos aprendi algo
question.8.prompt	question	Recibes tu primer aguinaldo de unas prácticas profesionales: $8,000 MXN. Es dinero que no esperabas.	Você recebe seu primeiro décimo terceiro de um estágio: R$ 2.500. É um dinheiro que não esperava.
question.8.opt.A.text	question	Lo meto todo a algo agresivo — acciones, cripto — total es dinero extra	Coloco tudo em algo agressivo — ações, cripto — afinal é dinheiro extra
question.8.opt.B.text	question	Lo dejo en mi cuenta de ahorro, así sé que está seguro	Deixo na minha conta poupança, assim sei que está seguro
question.8.opt.C.text	question	Pregunto en casa o a un profe de finanzas qué sería lo más inteligente	Pergunto em casa ou a um professor de finanças o que seria mais inteligente
question.8.opt.D.text	question	Comparo rendimientos de Cetesdirecto, SOFIPOS y fondos	Comparo rendimentos de Cetesdirecto, SOFIPOS e fundos
question.9.prompt	question	Estás por graduarte. Tienes una oferta de trabajo estable con buen sueldo, pero también una idea de negocio que te apasiona.	Você está prestes a se formar. Tem uma oferta de emprego estável com bom salário, mas também uma ideia de negócio que te apaixona.
question.9.opt.A.text	question	Analizo ambas opciones a fondo: proyecciones, costos, mercado, y decido con datos	Analiso as duas opções a fundo: projeções, custos, mercado, e decido com dados
question.9.opt.B.text	question	Le entro al negocio, la vida es una y no quiero arrepentirme de no intentarlo	Entro no negócio, a vida é uma só e não quero me arrepender de não tentar
question.9.opt.C.text	question	Tomo el empleo seguro, necesito estabilidad	Fico com o emprego seguro, preciso de estabilidade
question.9.opt.D.text	question	Hablo con gente que admiro profesionalmente y sigo el consejo que más se repita	Converso com pessoas que admiro profissionalmente e sigo o conselho que mais se repetir
question.10.prompt	question	Un compañero de clase te muestra una app donde inviertes desde $100 MXN. Te enseña que lleva 15% de rendimiento en 3 meses.	Um colega de aula te mostra um app onde você investe a partir de R$ 30. Ele te mostra que está com 15% de rendimento em 3 meses.
question.10.opt.A.text	question	Meto un poco a ver qué pasa, total es poco dinero	Coloco um pouco para ver o que acontece, afinal é pouco dinheiro
question.10.opt.B.text	question	Descargo la app, reviso quién la regula, leo los términos, y luego decido	Baixo o app, verifico quem o regulamenta, leio os termos e depois decido
question.10.opt.C.text	question	Suena bien pero mejor espero, no me gusta meter dinero en cosas nuevas	Parece bom, mas prefiro esperar — não gosto de colocar dinheiro em coisas novas
question.10.opt.D.text	question	Si a mi compañero le está funcionando, le entro con lo mismo que él	Se está funcionando para o meu colega, entro com o mesmo valor que ele
question.11.prompt	question	Recibes una herencia inesperada de $200,000 MXN. No tienes deudas.	Você recebe uma herança inesperada de R$ 60.000. Não tem dívidas.
question.11.opt.A.text	question	Lo divido en diferentes instrumentos de mayor riesgo para hacer crecer el capital	Divido em diferentes instrumentos de maior risco para fazer o capital crescer
question.11.opt.B.text	question	Construyo un portafolio diversificado basado en mi horizonte de inversión y perfil	Monto um portfólio diversificado com base no meu horizonte de investimento e perfil
question.11.opt.C.text	question	Lo meto a una cuenta de ahorro de alta seguridad, no quiero arriesgar nada	Coloco em uma conta poupança de alta segurança, não quero arriscar nada
question.11.opt.D.text	question	Le pido consejo a mi asesor bancario o a alguien de confianza	Peço conselho ao meu assessor bancário ou a alguém de confiança
question.12.prompt	question	El mercado de valores cayó 30% en 3 meses. Tus amigos dicen que es hora de comprar más.	O mercado de ações caiu 30% em 3 meses. Seus amigos dizem que é hora de comprar mais.
question.12.opt.A.text	question	Si todos los que conozco están comprando, quizás tienen razón	Se todos que conheço estão comprando, talvez eles estejam certos
question.12.opt.B.text	question	Analizo si la valuación actual representa una oportunidad real basado en fundamentos	Analiso se a avaliação atual representa uma oportunidade real com base nos fundamentos
question.12.opt.C.text	question	Este nivel de incertidumbre me paraliza, prefiero esperar a que se estabilice	Esse nível de incerteza me paralisa, prefiro esperar até estabilizar
question.12.opt.D.text	question	Compro agresivamente, las caídas son oportunidades y hay que actuar rápido	Compro agressivamente, quedas são oportunidades e é preciso agir rápido
question.13.prompt	question	Debes elegir entre dos fondos de inversión. Fondo A: rendimiento promedio 8%, bajo riesgo. Fondo B: rendimiento promedio 15%, alto riesgo.	Você deve escolher entre dois fundos de investimento. Fundo A: rendimento médio de 8%, baixo risco. Fundo B: rendimento médio de 15%, alto risco.
question.13.opt.A.text	question	El Fondo B sin dudarlo, quiero maximizar mi rendimiento	O Fundo B sem dúvida, quero maximizar meu rendimento
question.13.opt.B.text	question	Analizo la desviación estándar, el Sharpe ratio y el horizonte de cada opción	Analiso o desvio padrão, o índice Sharpe e o horizonte de cada opção
question.13.opt.C.text	question	El Fondo A definitivamente, no quiero perder lo que tengo	O Fundo A com certeza, não quero perder o que tenho
question.13.opt.D.text	question	Le pregunto a mi banco o a alguien de confianza cuál recomienda	Pergunto ao meu banco ou a alguém de confiança qual recomendam
question.14.prompt	question	Tienes una inversión en acciones que ha bajado 40% desde que la compraste.	Você tem um investimento em ações que caiu 40% desde que comprou.
question.14.opt.A.text	question	La mantengo y compro más, estoy seguro de que se va a recuperar	Mantenho e compro mais, tenho certeza de que vai se recuperar
question.14.opt.B.text	question	Evalúo en frío si los fundamentos cambiaron y decido sin importar mi precio de entrada	Avalio de forma racional se os fundamentos mudaram e decido sem levar em conta meu preço de entrada
question.14.opt.C.text	question	La mantengo pero no compro más, no soporto hacer realidad la pérdida vendiéndola	Mantenho, mas não compro mais — não consigo assumir a perda vendendo
question.14.opt.D.text	question	Le pregunto a un broker o analista qué hacer con esta posición	Pergunto a um broker ou analista o que fazer com essa posição
question.15.prompt	question	Ves que una acción que te gusta está cara según su P/E ratio histórico, pero todos los analistas dicen que va a subir más.	Você vê que uma ação que gosta está cara segundo seu P/E ratio histórico, mas todos os analistas dizem que vai subir mais.
question.15.opt.A.text	question	Si todos los analistas están optimistas, compro sin esperar	Se todos os analistas estão otimistas, compro sem esperar
question.15.opt.B.text	question	Construyo mi propio modelo de valuación independiente antes de decidir	Construo meu próprio modelo de avaliação independente antes de decidir
question.15.opt.C.text	question	Si está cara según los fundamentos, mejor no entro	Se está cara segundo os fundamentos, melhor não entro
question.15.opt.D.text	question	Compro ahora, el momentum puede durar más tiempo del esperado	Compro agora, o momentum pode durar mais tempo do que o esperado
question.16.prompt	question	Tienes que decidir cuánto de tu portafolio poner en activos internacionales vs. México.	Você precisa decidir quanto do seu portfólio colocar em ativos internacionais vs. Brasil.
question.16.opt.A.text	question	La mayoría en México, conozco mejor el mercado local	A maioria no Brasil, conheço melhor o mercado local
question.16.opt.B.text	question	Analizo correlaciones, diversificación y expectativas macroeconómicas de cada región	Analiso correlações, diversificação e expectativas macroeconômicas de cada região
question.16.opt.C.text	question	50% internacional, hay que seguir la tendencia global que todos siguen	50% internacional, há que seguir a tendência global que todos seguem
question.16.opt.D.text	question	Mayoría internacional, quiero exposición agresiva a mercados de alto crecimiento	Maioria internacional, quero exposição agressiva a mercados de alto crescimento
question.17.prompt	question	Tu mejor decisión de inversión te generó 80% de rendimiento. ¿A qué atribuyes ese resultado?	Sua melhor decisão de investimento gerou 80% de rendimento. A que você atribui esse resultado?
question.17.opt.A.text	question	Principalmente a mi análisis y timing — identifiqué bien la oportunidad	Principalmente à minha análise e timing — identifiquei bem a oportunidade
question.17.opt.B.text	question	A mi proceso de investigación, aunque el mercado también ayudó	Ao meu processo de pesquisa, embora o mercado também tenha ajudado
question.17.opt.C.text	question	Tuve suerte, el mercado cooperó más de lo esperado	Tive sorte, o mercado cooperou mais do que o esperado
question.17.opt.D.text	question	Seguí el consejo de alguien que sabía más que yo	Segui o conselho de alguém que sabia mais do que eu
question.18.prompt	question	Tu peor decisión de inversión te hizo perder 50% de tu capital. ¿Qué pasó?	Sua pior decisão de investimento fez você perder 50% do seu capital. O que aconteceu?
question.18.opt.A.text	question	El mercado se comportó de manera imposible de predecir — fue mala suerte	O mercado se comportou de maneira impossível de prever — foi má sorte
question.18.opt.B.text	question	Cometí un error en mi análisis que debo identificar y corregir	Cometi um erro na minha análise que devo identificar e corrigir
question.18.opt.C.text	question	Me dejé llevar por el pánico en el peor momento	Me deixei levar pelo pânico no pior momento
question.18.opt.D.text	question	Seguí el consejo equivocado de alguien en quien confié	Segui o conselho errado de alguém em quem confiei
question.19.prompt	question	Estás construyendo tu plan de retiro. Tienes 30 años por delante.	Você está construindo seu plano de aposentadoria. Tem 30 anos pela frente.
question.19.opt.A.text	question	Portafolio 80% renta variable, 20% fija — hay tiempo para recuperar pérdidas	Portfólio 80% renda variável, 20% fixa — há tempo para recuperar perdas
question.19.opt.B.text	question	Portafolio optimizado basado en curva de riesgo decreciente con la edad	Portfólio otimizado com base na curva de risco decrescente com a idade
question.19.opt.C.text	question	Portafolio conservador desde el inicio, no quiero sorpresas	Portfólio conservador desde o início, não quero surpresas
question.19.opt.D.text	question	Copio la estrategia de algún fondo de pensiones reconocido	Copio a estratégia de algum fundo de pensão reconhecido
question.20.prompt	question	Simulador de inversión en clase: te dan $100,000 virtuales para un mes. ¿Tu estrategia?	Simulador de investimento em aula: você recebe R$ 30.000 virtuais para um mês. Qual é a sua estratégia?
question.20.opt.A.text	question	Diseño un portafolio diversificado con fundamentals, como si fuera dinero real	Monto um portfólio diversificado com fundamentals, como se fosse dinheiro real
question.20.opt.B.text	question	Le meto la mayor parte a las acciones más volátiles, es simulado y quiero ganar	Coloco a maior parte nas ações mais voláteis, é simulado e quero ganhar
question.20.opt.C.text	question	Copio la estrategia de algún fondo reconocido o de lo que el profesor sugirió	Copio a estratégia de algum fundo reconhecido ou do que o professor sugeriu
question.20.opt.D.text	question	Pongo casi todo en instrumentos seguros como Cetes, no quiero ver números rojos	Coloco quase tudo em instrumentos seguros como Cetes, não quero ver números no vermelho
sesgo.contabilidad-mental.name	sesgo	Contabilidad Mental	Contabilidade Mental
sesgo.contabilidad-mental.definition	sesgo	Tratamos sumas de dinero de manera diferente dependiendo de su origen o uso previsto, ignorando que el dinero es fungible.	Tratamos quantias de dinheiro de forma diferente dependendo de sua origem ou uso previsto, ignorando que o dinheiro é fungível.
sesgo.contabilidad-mental.description	sesgo	La Contabilidad Mental es un sesgo cognitivo descrito por Richard Thaler (Premio Nobel) en el que creamos "cuentas mentales" separadas para el dinero según su fuente o destino previsto. Esto nos lleva a tomar decisiones irracionales porque ignoramos el principio de fungibilidad: un peso es un peso, sin importar de dónde venga.	A Contabilidade Mental é um viés cognitivo descrito por Richard Thaler (Prêmio Nobel) no qual criamos "contas mentais" separadas para o dinheiro conforme sua fonte ou destino previsto. Isso nos leva a tomar decisões irracionais porque ignoramos o princípio da fungibilidade: um real é um real, independentemente de onde venha.
sesgo.contabilidad-mental.mechanism	sesgo	Nuestro Sistema 1 (Kahneman) segrega el dinero en compartimentos psicológicos: el dinero del trabajo es "sagrado", el dinero de la lotería es "para gastar", el dinero del bono es "extra". Esta segmentación viola la lógica económica básica.	Nosso Sistema 1 (Kahneman) segrega o dinheiro em compartimentos psicológicos: o dinheiro do trabalho é "sagrado", o dinheiro da loteria é "para gastar", o dinheiro do bônus é "extra". Essa segmentação viola a lógica econômica básica.
sesgo.contabilidad-mental.trapQuestion	sesgo	Imagina dos situaciones: (A) Vas al cine, pierdes un billete de $200 en la calle. ¿Compras la entrada? / (B) Vas al cine, ya compraste la entrada por $200 y la perdiste. ¿Compras otra? — La mayoría dice Sí a A y No a B. Pero la pérdida económica es idéntica en ambos casos.	Imagine duas situações: (A) Você vai ao cinema, perde uma cédula de R$ 60 na rua. Você compra o ingresso? / (B) Você vai ao cinema, já comprou o ingresso por R$ 60 e o perdeu. Você compra outro? — A maioria responde Sim para A e Não para B. Mas a perda econômica é idêntica nos dois casos.
sesgo.contabilidad-mental.example.0.label	sesgo	Inversión	Investimento
sesgo.contabilidad-mental.example.0.text	sesgo	Un inversor pierde $5,000 en cripto (cuenta de "aventuras") pero guarda intocable su fondo de emergencia. Económicamente son el mismo dinero, pero los trata diferente.	Um investidor perde R$ 1.500 em cripto (conta de "aventuras"), mas mantém intocável seu fundo de emergência. Economicamente é o mesmo dinheiro, mas os trata de forma diferente.
sesgo.contabilidad-mental.example.1.label	sesgo	Vida personal	Vida pessoal
sesgo.contabilidad-mental.example.1.text	sesgo	Gastas sin culpa el dinero de un reembolso de impuestos en algo lujoso, aunque si lo pusieras en tu cuenta normal nunca lo gastarías así.	Você gasta sem culpa o dinheiro de uma restituição de imposto em algo luxuoso, embora se estivesse na sua conta normal nunca gastaria assim.
sesgo.contabilidad-mental.example.2.label	sesgo	Empresa	Empresa
sesgo.contabilidad-mental.example.2.text	sesgo	Una empresa asigna presupuesto por departamento y no lo transfiere aunque otro área lo necesite más urgentemente.	Uma empresa aloca orçamento por departamento e não o transfere mesmo que outra área precise com mais urgência.
sesgo.contabilidad-mental.antidote.0	sesgo	Visualiza todo tu dinero como un único fondo — antes de gastar pregúntate: ¿lo gastaría si viniera de mi nómina?	Visualize todo o seu dinheiro como um único fundo — antes de gastar, pergunte-se: eu gastaria isso se viesse do meu salário?
sesgo.contabilidad-mental.antidote.1	sesgo	Consolida mentalmente tus cuentas: evalúa el portafolio total, no cada inversión en aislado.	Consolide mentalmente suas contas: avalie o portfólio total, não cada investimento isoladamente.
sesgo.contabilidad-mental.antidote.2	sesgo	Regla del "dinero extra": cualquier ingreso inesperado sigue las mismas reglas que tu ingreso normal.	Regra do "dinheiro extra": qualquer receita inesperada segue as mesmas regras que sua renda normal.
sesgo.contabilidad-mental.antidote.3	sesgo	Lleva un registro unificado de ingresos y gastos sin categorías emocionales.	Mantenha um registro unificado de receitas e gastos, sem categorias emocionais.
sesgo.contabilidad-mental.question.0.situation	sesgo	Vas al cine. La entrada cuesta $200. Al llegar, te das cuenta de que perdiste un billete de $200 en la calle. ¿Compras la entrada de todos modos?	Você vai ao cinema. O ingresso custa R$ 60. Ao chegar, percebe que perdeu uma cédula de R$ 60 na rua. Você compra o ingresso mesmo assim?
sesgo.contabilidad-mental.question.0.option.0.text	sesgo	Sí, son cosas separadas — perder el billete no tiene que ver con el cine	Sim, são coisas separadas — perder a cédula não tem relação com o cinema
sesgo.contabilidad-mental.question.0.option.0.reveal	sesgo	Racional: correcto, el dinero es fungible	Racional: correto, o dinheiro é fungível
sesgo.contabilidad-mental.question.0.option.1.text	sesgo	No, ya perdí $200, no puedo gastar $200 más	Não, já perdi R$ 60, não posso gastar mais R$ 60
sesgo.contabilidad-mental.question.0.option.1.reveal	sesgo	Sesgo: tratas las pérdidas como vinculadas cuando no lo están	Viés: você trata as perdas como vinculadas quando não estão
sesgo.contabilidad-mental.question.1.situation	sesgo	Recibes un reembolso de impuestos de $3,000. ¿Cómo lo tratas?	Você recebe uma restituição de imposto de R$ 900. Como você trata esse dinheiro?
sesgo.contabilidad-mental.question.1.option.0.text	sesgo	Como dinero "extra" — me doy un gusto que no me daría con mi sueldo	Como dinheiro "extra" — me dou um prazer que não me daria com meu salário
sesgo.contabilidad-mental.question.1.option.0.reveal	sesgo	Sesgo: el origen del dinero no cambia su valor	Viés: a origem do dinheiro não muda seu valor
sesgo.contabilidad-mental.question.1.option.1.text	sesgo	Igual que cualquier otro ingreso — va a donde más lo necesito	Como qualquer outra renda — vai para onde mais preciso
sesgo.contabilidad-mental.question.1.option.1.reveal	sesgo	Racional: correcto, la fungibilidad aplica independiente del origen	Racional: correto, a fungibilidade se aplica independentemente da origem
sesgo.contabilidad-mental.question.2.situation	sesgo	Tu portafolio tiene: Cetes +5% y una acción -30%. El Cetes venció hoy. ¿Qué haces con esos fondos?	Seu portfólio tem: Tesouro Direto +5% e uma ação -30%. O Tesouro venceu hoje. O que você faz com esses recursos?
sesgo.contabilidad-mental.question.2.option.0.text	sesgo	Los reinvierto en Cetes — no quiero mezclarlos con la acción que perdió	Reinvisto em Tesouro Direto — não quero misturar com a ação que perdeu
sesgo.contabilidad-mental.question.2.option.0.reveal	sesgo	Sesgo: tratas cada inversión como cuenta separada en lugar del portafolio total	Viés: você trata cada investimento como conta separada em vez de analisar o portfólio total
sesgo.contabilidad-mental.question.2.option.1.text	sesgo	Evalúo qué tiene mejor expectativa de retorno ajustado al riesgo hoy	Avalio o que tem melhor expectativa de retorno ajustado ao risco hoje
sesgo.contabilidad-mental.question.2.option.1.reveal	sesgo	Racional: correcto, el portafolio se optimiza en conjunto	Racional: correto, o portfólio se otimiza em conjunto
sesgo.contabilidad-mental.fixation.0.question	sesgo	¿Por qué la contabilidad mental es un sesgo y no un sistema racional?	Por que a contabilidade mental é um viés e não um sistema racional?
sesgo.contabilidad-mental.fixation.0.option.0	sesgo	Porque trata el dinero de forma diferente según su origen, cuando en realidad $1 siempre vale $1	Porque trata o dinheiro de forma diferente conforme sua origem, quando na realidade R$ 1 sempre vale R$ 1
sesgo.contabilidad-mental.fixation.0.option.1	sesgo	Porque hace que gastemos menos de lo que deberíamos	Porque faz com que gastemos menos do que deveríamos
sesgo.contabilidad-mental.fixation.0.option.2	sesgo	Porque solo afecta a personas con poco conocimiento financiero	Porque afeta apenas pessoas com pouco conhecimento financeiro
sesgo.contabilidad-mental.fixation.1.question	sesgo	Ganas $500 en el casino y los gastas en ropa que normalmente no comprarías. ¿Qué sesgo explica esto?	Você ganha R$ 150 no cassino e os gasta em roupas que normalmente não compraria. Que viés explica isso?
sesgo.contabilidad-mental.fixation.1.option.0	sesgo	Contabilidad mental: creaste una cuenta de dinero ganado que sientes libre de gastar	Contabilidade mental: você criou uma conta de dinheiro ganho que sente livre para gastar
sesgo.contabilidad-mental.fixation.1.option.1	sesgo	Exceso de confianza: crees que seguirás ganando	Excesso de confiança: você acredita que continuará ganhando
sesgo.contabilidad-mental.fixation.1.option.2	sesgo	Efecto manada: todos gastan cuando ganan en el casino	Efeito manada: todo mundo gasta quando ganha no cassino
sesgo.contabilidad-mental.fixation.2.question	sesgo	¿Cuál es la implicación financiera más peligrosa de la contabilidad mental?	Qual é a implicação financeira mais perigosa da contabilidade mental?
sesgo.contabilidad-mental.fixation.2.option.0	sesgo	Que podemos tener deudas con intereses altos y ahorros simultáneamente sin ver la contradicción	Que podemos ter dívidas com juros altos e poupança ao mesmo tempo sem perceber a contradição
sesgo.contabilidad-mental.fixation.2.option.1	sesgo	Que nos hace ahorrar demasiado en cuentas separadas	Que nos faz poupar demais em contas separadas
sesgo.contabilidad-mental.fixation.2.option.2	sesgo	Que nos impide invertir en más de un instrumento a la vez	Que nos impede de investir em mais de um instrumento ao mesmo tempo
sesgo.confirmation-bias.name	sesgo	Sesgo de Confirmación	Viés de Confirmação
sesgo.confirmation-bias.definition	sesgo	Buscamos, notamos y recordamos la información que confirma nuestras creencias previas, ignorando la que las contradice.	Buscamos, notamos e lembramos a informação que confirma nossas crenças anteriores, ignorando a que as contradiz.
sesgo.confirmation-bias.description	sesgo	El Sesgo de Confirmación es uno de los sesgos más perniciosos en finanzas. Según el CFA Institute, pertenece a la subcategoría de Perseverancia de Creencias: nos negamos a actualizar nuestras opiniones aunque los datos apunten en otra dirección. No es malicia — es que el Sistema 1 construye historias coherentes, no precisas.	O Viés de Confirmação é um dos vieses mais perniciosos nas finanças. Segundo o CFA Institute, pertence à subcategoria de Perseverança de Crenças: nos recusamos a atualizar nossas opiniões mesmo quando os dados apontam em outra direção. Não é má-fé — é que o Sistema 1 constrói histórias coerentes, não precisas.
sesgo.confirmation-bias.mechanism	sesgo	Daniel Kahneman explica que el Sistema 1 opera bajo WYSIATI ("What You See Is All There Is"): construye la mejor historia posible con la información disponible, ignorando lo que falta. La disonancia cognitiva hace doloroso enfrentar evidencia contradictoria.	Daniel Kahneman explica que o Sistema 1 opera sob o WYSIATI ("What You See Is All There Is"): constrói a melhor história possível com as informações disponíveis, ignorando o que falta. A dissonância cognitiva torna doloroso enfrentar evidências contraditórias.
sesgo.confirmation-bias.trapQuestion	sesgo	Estás convencido de que Bitcoin va a subir. ¿Qué buscas en Google? A) "Razones por las que Bitcoin subirá" o B) "Riesgos de invertir en Bitcoin hoy". — La mayoría elige A, buscando validar, no cuestionar.	Você está convicto de que o Bitcoin vai subir. O que você busca no Google? A) "Razões pelas quais o Bitcoin vai subir" ou B) "Riscos de investir em Bitcoin hoje". — A maioria escolhe A, buscando validar, não questionar.
sesgo.confirmation-bias.example.0.label	sesgo	Inversión	Investimento
sesgo.confirmation-bias.example.0.text	sesgo	Estás convencido de que Tesla va a subir. Lees solo artículos bullish, ignoras los que cuestionan su valuación. Tu "investigación" es en realidad validación.	Você está convicto de que a Tesla vai subir. Lê apenas artigos otimistas e ignora os que questionam sua avaliação. Sua "pesquisa" é, na verdade, validação.
sesgo.confirmation-bias.example.1.label	sesgo	Decisión personal	Decisão pessoal
sesgo.confirmation-bias.example.1.text	sesgo	Decides que cierta ciudad es perfecta para vivir. Recuerdas las buenas noticias sobre ella y olvidas las malas.	Você decide que determinada cidade é perfeita para morar. Lembra das boas notícias sobre ela e esquece as ruins.
sesgo.confirmation-bias.example.2.label	sesgo	Empresa	Empresa
sesgo.confirmation-bias.example.2.text	sesgo	Un CEO comprometido con una estrategia ignora métricas que la cuestionan y enfatiza las que la apoyan en sus reportes trimestrales.	Um CEO comprometido com uma estratégia ignora métricas que a questionam e enfatiza as que a apoiam em seus relatórios trimestrais.
sesgo.confirmation-bias.antidote.0	sesgo	Practica el "empirismo negativo": intenta demostrar que tu idea es FALSA, no que es verdadera.	Pratique o "empirismo negativo": tente provar que sua ideia é FALSA, não que é verdadeira.
sesgo.confirmation-bias.antidote.1	sesgo	Steel-manning: construye el mejor argumento posible contra tu tesis antes de actuar.	Steel-manning: construa o melhor argumento possível contra a sua tese antes de agir.
sesgo.confirmation-bias.antidote.2	sesgo	Busca activamente artículos, analistas y datos que contradigan tu posición.	Busque ativamente artigos, analistas e dados que contradigam sua posição.
sesgo.confirmation-bias.antidote.3	sesgo	Antes de cualquier inversión, escribe explícitamente: ¿qué tendría que pasar para que esté equivocado?	Antes de qualquer investimento, escreva explicitamente: o que precisaria acontecer para que eu esteja errado?
sesgo.confirmation-bias.question.0.situation	sesgo	Estás convencido de que una acción va a subir. ¿Qué buscas en Google?	Você está convicto de que uma ação vai subir. O que você busca no Google?
sesgo.confirmation-bias.question.0.option.0.text	sesgo	Razones por las que la acción subirá	Razões pelas quais a ação vai subir
sesgo.confirmation-bias.question.0.option.0.reveal	sesgo	Sesgo: estás buscando validar, no investigar	Viés: você está procurando validar, não investigar
sesgo.confirmation-bias.question.0.option.1.text	sesgo	Riesgos y argumentos en contra de esa inversión	Riscos e argumentos contra esse investimento
sesgo.confirmation-bias.question.0.option.1.reveal	sesgo	Racional: primero busca la hipótesis nula — por qué podrías estar equivocado	Racional: primeiro busque a hipótese nula — por que você pode estar errado
sesgo.confirmation-bias.question.1.situation	sesgo	Un político que no te agrada hace una gran donación a caridad. ¿Tu primer pensamiento?	Um político de quem você não gosta faz uma grande doação para a caridade. Qual é seu primeiro pensamento?
sesgo.confirmation-bias.question.1.option.0.text	sesgo	Seguro lo hace para evadir impuestos o limpiar su imagen	Com certeza está fazendo isso para sonegar impostos ou limpar sua imagem
sesgo.confirmation-bias.question.1.option.0.reveal	sesgo	Sesgo: interpretamos la misma evidencia diferente según nuestras creencias previas	Viés: interpretamos a mesma evidência de forma diferente conforme nossas crenças anteriores
sesgo.confirmation-bias.question.1.option.1.text	sesgo	Finalmente hizo algo bueno, independientemente de sus motivaciones	Dessa vez fez algo bom, independentemente das motivações
sesgo.confirmation-bias.question.1.option.1.reveal	sesgo	Racional: separamos los hechos de nuestros prejuicios previos	Racional: separamos os fatos dos nossos preconceitos anteriores
sesgo.confirmation-bias.question.2.situation	sesgo	Llevas 6 meses invirtiendo en una empresa que no ha dado resultados. Encuentras un artículo que dice que el CEO es brillante.	Você está há 6 meses investindo em uma empresa que não deu resultados. Encontra um artigo dizendo que o CEO é brilhante.
sesgo.confirmation-bias.question.2.option.0.text	sesgo	Esto confirma que mi análisis fue correcto — hay que esperar más	Isso confirma que minha análise estava certa — vale esperar mais
sesgo.confirmation-bias.question.2.option.0.reveal	sesgo	Sesgo: usas información nueva para reforzar una posición que quizás debería revisarse	Viés: você usa informação nova para reforçar uma posição que talvez devesse ser revisada
sesgo.confirmation-bias.question.2.option.1.text	sesgo	Interesante, pero también busco artículos críticos del CEO antes de decidir	Interessante, mas também vou buscar artigos críticos sobre o CEO antes de decidir
sesgo.confirmation-bias.question.2.option.1.reveal	sesgo	Racional: el nuevo dato se evalúa junto a toda la evidencia disponible	Racional: o novo dado é avaliado junto a todas as evidências disponíveis
sesgo.confirmation-bias.fixation.0.question	sesgo	¿Qué hace exactamente el sesgo de confirmación?	O que exatamente faz o viés de confirmação?
sesgo.confirmation-bias.fixation.0.option.0	sesgo	Buscar, interpretar y recordar información que confirma lo que ya creemos, ignorando lo que lo contradice	Buscar, interpretar e lembrar informações que confirmam o que já acreditamos, ignorando o que as contradiz
sesgo.confirmation-bias.fixation.0.option.1	sesgo	Confirmar decisiones pasadas sin importar si fueron correctas o no	Confirmar decisões passadas independentemente de terem sido corretas ou não
sesgo.confirmation-bias.fixation.0.option.2	sesgo	Seguir la opinión de la mayoría para confirmar que nuestra decisión es correcta	Seguir a opinião da maioria para confirmar que nossa decisão está certa
sesgo.confirmation-bias.fixation.1.question	sesgo	Un inversor convencido de que una empresa es excelente lee solo análisis positivos. ¿Cuál es el riesgo concreto?	Um investidor convicto de que uma empresa é excelente lê apenas análises positivas. Qual é o risco concreto?
sesgo.confirmation-bias.fixation.1.option.0	sesgo	Perder señales de alerta reales porque activamente evita información negativa	Perder sinais de alerta reais porque evita ativamente informações negativas
sesgo.confirmation-bias.fixation.1.option.1	sesgo	Sobreestimar el riesgo porque tiene demasiada información sobre la empresa	Superestimar o risco por ter informação demais sobre a empresa
sesgo.confirmation-bias.fixation.1.option.2	sesgo	Seguir el efecto manada al leer los mismos análisis que todos	Seguir o efeito manada ao ler as mesmas análises que todo mundo
sesgo.confirmation-bias.fixation.2.question	sesgo	¿Cuál es el antídoto más efectivo contra el sesgo de confirmación?	Qual é o antídoto mais eficaz contra o viés de confirmação?
sesgo.confirmation-bias.fixation.2.option.0	sesgo	Buscar activamente el mejor argumento en contra de tu propia tesis antes de decidir	Buscar ativamente o melhor argumento contrário à sua própria tese antes de decidir
sesgo.confirmation-bias.fixation.2.option.1	sesgo	Leer más fuentes de información para tener una visión más completa	Ler mais fontes de informação para ter uma visão mais completa
sesgo.confirmation-bias.fixation.2.option.2	sesgo	Esperar a que otros tomen la decisión primero para validar tu análisis	Esperar que outros tomem a decisão primeiro para validar sua análise
sesgo.disponibilidad-representatividad.name	sesgo	Disponibilidad y Representatividad	Disponibilidade e Representatividade
sesgo.disponibilidad-representatividad.definition	sesgo	Juzgamos probabilidades por qué tan fácil recordamos ejemplos (disponibilidad) o por a qué categoría se parece algo (representatividad).	Julgamos probabilidades pela facilidade com que lembramos exemplos (disponibilidade) ou pela categoria a que algo se assemelha (representatividade).
sesgo.disponibilidad-representatividad.description	sesgo	Estas dos heurísticas son atajos mentales del Sistema 1. La Disponibilidad nos lleva a sobreestimar la frecuencia de eventos memorables o recientes. La Representatividad nos hace clasificar situaciones por estereotipos, ignorando probabilidades estadísticas reales.	Essas duas heurísticas são atalhos mentais do Sistema 1. A Disponibilidade nos leva a superestimar a frequência de eventos memoráveis ou recentes. A Representatividade nos faz classificar situações por estereótipos, ignorando probabilidades estatísticas reais.
sesgo.disponibilidad-representatividad.mechanism	sesgo	Cuando enfrentamos una pregunta difícil (¿cuál es la probabilidad de X?), el cerebro la sustituye por una más fácil: ¿qué tan fácil recuerdo ejemplos de X? o ¿a qué categoría se parece X? Estas sustituciones son rápidas pero sistemáticamente erróneas.	Quando enfrentamos uma pergunta difícil (qual é a probabilidade de X?), o cérebro a substitui por uma mais fácil: o quanto me é fácil lembrar exemplos de X? ou a qual categoria X se parece? Essas substituições são rápidas, mas sistematicamente equivocadas.
sesgo.disponibilidad-representatividad.trapQuestion	sesgo	Linda tiene 31 años, es muy inteligente y activista social. ¿Qué es más probable? A) Cajera de banco. B) Cajera de banco y feminista. — La mayoría elige B, aunque matemáticamente A siempre es más probable que A+B.	Linda tem 31 anos, é muito inteligente e ativista social. O que é mais provável? A) Caixa de banco. B) Caixa de banco e feminista. — A maioria escolhe B, embora matematicamente A seja sempre mais provável do que A+B.
sesgo.disponibilidad-representatividad.example.0.label	sesgo	Disponibilidad	Disponibilidade
sesgo.disponibilidad-representatividad.example.0.text	sesgo	Después de ver las noticias sobre un robo, crees que la criminalidad aumentó drásticamente, aunque estadísticamente bajó. Lo memorable distorsiona tu percepción de frecuencia.	Após ver notícias sobre um assalto, você acredita que a criminalidade aumentou drasticamente, embora estatisticamente tenha diminuído. O que é memorável distorce sua percepção de frequência.
sesgo.disponibilidad-representatividad.example.1.label	sesgo	Representatividad	Representatividade
sesgo.disponibilidad-representatividad.example.1.text	sesgo	Ves una empresa joven con fundador carismático y tecnología de moda — se parece a Apple en 1997. Inviertes sin revisar sus fundamentals. El parecido no es suficiente.	Você vê uma empresa jovem com fundador carismático e tecnologia da moda — parece com a Apple em 1997. Você investe sem revisar seus fundamentals. A semelhança não é suficiente.
sesgo.disponibilidad-representatividad.example.2.label	sesgo	Inversión	Investimento
sesgo.disponibilidad-representatividad.example.2.text	sesgo	Después de tres meses de mercado alcista, crees que el rally continuará (disponibilidad reciente). Después de un crash, crees que todo seguirá cayendo.	Após três meses de mercado em alta, você acredita que o rally vai continuar (disponibilidade recente). Após um crash, acredita que tudo continuará caindo.
sesgo.disponibilidad-representatividad.antidote.0	sesgo	Antes de estimar una probabilidad, pregunta: ¿cuál es la tasa base estadística real?	Antes de estimar uma probabilidade, pergunte: qual é a taxa base estatística real?
sesgo.disponibilidad-representatividad.antidote.1	sesgo	Desconfía de tu primera impresión cuando algo "se parece" a un patrón de éxito.	Desconfie da sua primeira impressão quando algo "se parece" com um padrão de sucesso.
sesgo.disponibilidad-representatividad.antidote.2	sesgo	Los eventos dramáticos o recientes no son más probables — solo más memorables.	Eventos dramáticos ou recentes não são mais prováveis — apenas mais memoráveis.
sesgo.disponibilidad-representatividad.antidote.3	sesgo	Busca datos duros antes de actuar sobre una intuición basada en lo que "recuerdas".	Busque dados concretos antes de agir com base em uma intuição fundada no que você "lembra".
sesgo.disponibilidad-representatividad.question.0.situation	sesgo	¿Qué causa más muertes anuales en México?	O que causa mais mortes por ano no Brasil?
sesgo.disponibilidad-representatividad.question.0.option.0.text	sesgo	Homicidios	Homicídios
sesgo.disponibilidad-representatividad.question.0.option.0.reveal	sesgo	Sesgo de disponibilidad: los homicidios aparecen más en noticias, parecen más frecuentes	Viés de disponibilidade: homicídios aparecem mais nas notícias, parecem mais frequentes
sesgo.disponibilidad-representatividad.question.0.option.1.text	sesgo	Diabetes y enfermedades crónicas	Diabetes e doenças crônicas
sesgo.disponibilidad-representatividad.question.0.option.1.reveal	sesgo	Racional: enfermedades crónicas causan 5-10x más muertes, pero son menos "disponibles" en la memoria	Racional: doenças crônicas causam 5 a 10 vezes mais mortes, mas são menos "disponíveis" na memória
sesgo.disponibilidad-representatividad.question.1.situation	sesgo	Linda tiene 31 años, es inteligente y fue activista. ¿Qué es más probable que sea hoy?	Linda tem 31 anos, é inteligente e foi ativista. O que é mais provável que ela seja hoje?
sesgo.disponibilidad-representatividad.question.1.option.0.text	sesgo	Cajera de banco y feminista activa	Caixa de banco e feminista ativa
sesgo.disponibilidad-representatividad.question.1.option.0.reveal	sesgo	Sesgo de representatividad (Falacia de Conjunción): dos eventos juntos nunca pueden ser más probables que uno solo	Viés de representatividade (Falácia da Conjunção): dois eventos juntos nunca podem ser mais prováveis do que um só
sesgo.disponibilidad-representatividad.question.1.option.1.text	sesgo	Cajera de banco	Caixa de banco
sesgo.disponibilidad-representatividad.question.1.option.1.reveal	sesgo	Racional: P(A) siempre es ≥ P(A y B). El estereotipo nos distrae de la lógica básica	Racional: P(A) é sempre ≥ P(A e B). O estereótipo nos distrai da lógica básica
sesgo.disponibilidad-representatividad.question.2.situation	sesgo	Una moneda justa cae cara 5 veces seguidas. ¿Qué esperas en el lanzamiento 6?	Uma moeda justa cai cara 5 vezes seguidas. O que você espera no lançamento 6?
sesgo.disponibilidad-representatividad.question.2.option.0.text	sesgo	Cruz es más probable — ya es "hora" de que salga	Coroa é mais provável — já está "na hora" de sair
sesgo.disponibilidad-representatividad.question.2.option.0.reveal	sesgo	Falacia del jugador: cada lanzamiento es independiente. El pasado no influye en el futuro	Falácia do jogador: cada lançamento é independente. O passado não influencia o futuro
sesgo.disponibilidad-representatividad.question.2.option.1.text	sesgo	50/50 — cada lanzamiento es independiente del anterior	50/50 — cada lançamento é independente do anterior
sesgo.disponibilidad-representatividad.question.2.option.1.reveal	sesgo	Racional: la moneda no tiene memoria. La representatividad nos hace ver patrones donde no existen	Racional: a moeda não tem memória. A representatividade nos faz ver padrões onde não existem
sesgo.disponibilidad-representatividad.fixation.0.question	sesgo	¿Qué determina qué tan probable nos parece un evento según el sesgo de disponibilidad?	O que determina o quão provável nos parece um evento segundo o viés de disponibilidade?
sesgo.disponibilidad-representatividad.fixation.0.option.0	sesgo	La facilidad con la que ejemplos de ese evento vienen a nuestra mente	A facilidade com que exemplos desse evento vêm à nossa mente
sesgo.disponibilidad-representatividad.fixation.0.option.1	sesgo	La frecuencia estadística real con la que ocurre ese evento	A frequência estatística real com que esse evento ocorre
sesgo.disponibilidad-representatividad.fixation.0.option.2	sesgo	La cantidad de información que tenemos sobre ese evento	A quantidade de informação que temos sobre esse evento
sesgo.disponibilidad-representatividad.fixation.1.question	sesgo	Después de ver noticias sobre accidentes aéreos, muchas personas prefieren manejar. ¿Qué explica esta decisión?	Após ver notícias sobre acidentes aéreos, muitas pessoas preferem dirigir. O que explica essa decisão?
sesgo.disponibilidad-representatividad.fixation.1.option.0	sesgo	La imagen vívida del accidente hace que el vuelo parezca más peligroso de lo que estadísticamente es	A imagem vívida do acidente faz o voo parecer mais perigoso do que estatisticamente é
sesgo.disponibilidad-representatividad.fixation.1.option.1	sesgo	Manejar es objetivamente más seguro que volar en todos los contextos	Dirigir é objetivamente mais seguro do que voar em todos os contextos
sesgo.disponibilidad-representatividad.fixation.1.option.2	sesgo	Las personas hacen un análisis racional del riesgo basado en las noticias	As pessoas fazem uma análise racional do risco baseada nas notícias
sesgo.disponibilidad-representatividad.fixation.2.question	sesgo	¿Cuál es el impacto del sesgo de disponibilidad en decisiones de inversión?	Qual é o impacto do viés de disponibilidade nas decisões de investimento?
sesgo.disponibilidad-representatividad.fixation.2.option.0	sesgo	Sobreponderar activos que estuvieron en las noticias recientemente, sin importar sus fundamentos	Sobreponderar ativos que estiveram nas notícias recentemente, independentemente de seus fundamentos
sesgo.disponibilidad-representatividad.fixation.2.option.1	sesgo	Diversificar demasiado el portafolio por miedo a eventos poco probables	Diversificar demais o portfólio por medo de eventos pouco prováveis
sesgo.disponibilidad-representatividad.fixation.2.option.2	sesgo	Ignorar completamente los eventos recientes al tomar decisiones	Ignorar completamente os eventos recentes ao tomar decisões
sesgo.overconfidence.name	sesgo	Exceso de Confianza	Excesso de Confiança
sesgo.overconfidence.definition	sesgo	Tenemos una fe injustificada en nuestro propio razonamiento, juicios y habilidades cognitivas.	Temos uma confiança injustificada em nosso próprio raciocínio, julgamentos e habilidades cognitivas.
sesgo.overconfidence.description	sesgo	Kahneman afirma que si tuviera una varita mágica para eliminar un solo sesgo, eliminaría el exceso de confianza, ya que amplifica casi todos los demás. Se manifiesta como Ilusión de Conocimiento (creer que más información da más precisión) e Ilusión de Control (creer que podemos influir en lo aleatorio).	Kahneman afirma que, se tivesse uma varinha mágica para eliminar um único viés, eliminaria o excesso de confiança, pois ele amplifica quase todos os outros. Ele se manifesta como Ilusão de Conhecimento (acreditar que mais informação gera mais precisão) e Ilusão de Controle (acreditar que podemos influenciar o aleatório).
sesgo.overconfidence.mechanism	sesgo	El Sistema 1 construye historias coherentes con la información disponible. Como la historia es coherente, la sentimos como verdadera y confiable. No nos detenemos a preguntar qué datos nos faltan — la confianza no viene de la evidencia, sino de la coherencia del relato.	O Sistema 1 constrói histórias coerentes com as informações disponíveis. Como a história é coerente, ela nos parece verdadeira e confiável. Não paramos para perguntar quais dados nos faltam — a confiança não vem da evidência, mas da coerência da narrativa.
sesgo.overconfidence.trapQuestion	sesgo	En comparación con el promedio de tu grupo, ¿cómo calificarías tu capacidad para tomar decisiones financieras? A) Por encima del promedio. B) Promedio o por debajo. — En grupos educados, el 70-80% elige A, aunque estadísticamente es imposible.	Em comparação com a média do seu grupo, como você avaliaria sua capacidade de tomar decisões financeiras? A) Acima da média. B) Média ou abaixo. — Em grupos instruídos, 70 a 80% escolhe A, embora estatisticamente seja impossível.
sesgo.overconfidence.example.0.label	sesgo	Inversión	Investimento
sesgo.overconfidence.example.0.text	sesgo	Un estudio de Duke encontró que los CFOs de empresas dan rangos de confianza del 80% para el S&P500 que fallan el 67% de las veces. Prefieren parecer precisos aunque estén equivocados.	Um estudo da Duke descobriu que os CFOs de empresas fornecem intervalos de confiança de 80% para o S&P500 que falham 67% das vezes. Preferem parecer precisos mesmo quando estão errados.
sesgo.overconfidence.example.1.label	sesgo	Trading	Trading
sesgo.overconfidence.example.1.text	sesgo	Los inversores individuales que operan más activamente obtienen menores rendimientos que los pasivos — la actividad excesiva es señal de exceso de confianza.	Os investidores individuais que operam mais ativamente obtêm rendimentos menores do que os passivos — a atividade excessiva é sinal de excesso de confiança.
sesgo.overconfidence.example.2.label	sesgo	Personal	Pessoal
sesgo.overconfidence.example.2.text	sesgo	El 80% de las personas cree que sus habilidades para manejar están por encima del promedio. El 93% de estudiantes universitarios cree estar en el 50% superior de su clase.	80% das pessoas acreditam que suas habilidades de direção estão acima da média. 93% dos estudantes universitários acredita estar na metade superior de sua turma.
sesgo.overconfidence.antidote.0	sesgo	Lleva un diario de decisiones: registra tus predicciones y mide tu precisión real versus percibida.	Mantenha um diário de decisões: registre suas previsões e meça sua precisão real versus percebida.
sesgo.overconfidence.antidote.1	sesgo	Practica rangos de incertidumbre amplios: si el 90% de tus estimaciones están en el rango, el rango es correcto.	Pratique intervalos de incerteza amplos: se 90% das suas estimativas estão dentro do intervalo, o intervalo está correto.
sesgo.overconfidence.antidote.2	sesgo	El test del "Outside View": ¿cuál es la tasa base de éxito para situaciones similares a la tuya?	O teste da "Outside View": qual é a taxa base de sucesso para situações semelhantes à sua?
sesgo.overconfidence.antidote.3	sesgo	Busca activamente quién sabe más que tú sobre este tema — no como señal de debilidad, sino de inteligencia.	Busque ativamente quem sabe mais do que você sobre esse tema — não como sinal de fraqueza, mas de inteligência.
sesgo.overconfidence.question.0.situation	sesgo	Comparado con tu grupo, ¿cómo calificarías tu capacidad para tomar decisiones financieras racionales?	Comparado ao seu grupo, como você avaliaria sua capacidade de tomar decisões financeiras racionais?
sesgo.overconfidence.question.0.option.0.text	sesgo	Por encima del promedio (top 50%)	Acima da média (top 50%)
sesgo.overconfidence.question.0.option.0.reveal	sesgo	Sesgo: estadísticamente, la mitad del grupo está por debajo. Si casi todos eligen esto, algo no cuadra	Viés: estatisticamente, metade do grupo está abaixo. Se quase todos escolhem isso, algo não fecha
sesgo.overconfidence.question.0.option.1.text	sesgo	Promedio o por debajo del promedio	Média ou abaixo da média
sesgo.overconfidence.question.0.option.1.reveal	sesgo	Racional: la humildad epistémica — saber lo que no sabes — es la base de buenas decisiones	Racional: a humildade epistêmica — saber o que você não sabe — é a base de boas decisões
sesgo.overconfidence.question.1.situation	sesgo	Llevas 3 años invirtiendo con buenos rendimientos. ¿A qué lo atribuyes?	Você investe há 3 anos com bons rendimentos. A que você atribui isso?
sesgo.overconfidence.question.1.option.0.text	sesgo	Mi estrategia y análisis — tomé las decisiones correctas	Minha estratégia e análise — tomei as decisões certas
sesgo.overconfidence.question.1.option.0.reveal	sesgo	Posible sesgo de autoatribución: los mercados alcistas hacen que todos parezcan genios	Possível viés de autoatribuição: mercados em alta fazem todos parecerem gênios
sesgo.overconfidence.question.1.option.1.text	sesgo	Una mezcla de proceso sólido y condiciones favorables de mercado	Uma combinação de processo sólido e condições favoráveis de mercado
sesgo.overconfidence.question.1.option.1.reveal	sesgo	Racional: separar habilidad de suerte requiere un horizonte largo y análisis honesto	Racional: separar habilidade de sorte exige um horizonte longo e uma análise honesta
sesgo.overconfidence.question.2.situation	sesgo	El S&P500 está en 5,000. Tu estimación a 12 meses con 90% de confianza sería:	O S&P500 está em 5.000. Sua estimativa para 12 meses com 90% de confiança seria:
sesgo.overconfidence.question.2.option.0.text	sesgo	4,800 – 5,300 (rango preciso)	4.800 – 5.300 (intervalo preciso)
sesgo.overconfidence.question.2.option.0.reveal	sesgo	Sesgo: los rangos estrechos fallan más del 60% de las veces en estudios de expertos	Viés: intervalos estreitos falham em mais de 60% das vezes em estudos com especialistas
sesgo.overconfidence.question.2.option.1.text	sesgo	3,500 – 6,500 (rango amplio)	3.500 – 6.500 (intervalo amplo)
sesgo.overconfidence.question.2.option.1.reveal	sesgo	Racional: un 90% de confianza real requiere un rango mucho más amplio en sistemas complejos	Racional: 90% de confiança real exige um intervalo muito mais amplo em sistemas complexos
sesgo.overconfidence.fixation.0.question	sesgo	¿Cuál es la diferencia entre exceso de confianza e ilusión de conocimiento?	Qual é a diferença entre excesso de confiança e ilusão de conhecimento?
sesgo.overconfidence.fixation.0.option.0	sesgo	La ilusión de conocimiento es creer que más información nos hace más precisos, aunque esa información sea irrelevante	A ilusão de conhecimento é acreditar que mais informação nos torna mais precisos, mesmo que essa informação seja irrelevante
sesgo.overconfidence.fixation.0.option.1	sesgo	Son exactamente lo mismo: ambos describen sobreestimar las propias habilidades	São exatamente a mesma coisa: ambos descrevem superestimar as próprias habilidades
sesgo.overconfidence.fixation.0.option.2	sesgo	El exceso de confianza solo aplica a expertos; la ilusión de conocimiento a novatos	O excesso de confiança se aplica apenas a especialistas; a ilusão de conhecimento, a iniciantes
sesgo.overconfidence.fixation.1.question	sesgo	Un trader revisa 20 indicadores antes de cada operación creyendo que por eso sus predicciones son más precisas. ¿Qué sesgo ilustra esto?	Um trader analisa 20 indicadores antes de cada operação, acreditando que por isso suas previsões são mais precisas. Que viés isso ilustra?
sesgo.overconfidence.fixation.1.option.0	sesgo	Ilusión de conocimiento: más datos no garantizan mejores predicciones si no añaden información real	Ilusão de conhecimento: mais dados não garantem melhores previsões se não acrescentam informação real
sesgo.overconfidence.fixation.1.option.1	sesgo	Sesgo de confirmación: busca indicadores que confirmen su decisión previa	Viés de confirmação: busca indicadores que confirmem sua decisão prévia
sesgo.overconfidence.fixation.1.option.2	sesgo	Efecto halo: los indicadores sofisticados le dan una imagen de experto	Efeito halo: os indicadores sofisticados lhe dão uma imagem de especialista
sesgo.overconfidence.fixation.2.question	sesgo	¿Qué es el sesgo de autoatribución y cómo se relaciona con el exceso de confianza?	O que é o viés de autoatribuição e como ele se relaciona com o excesso de confiança?
sesgo.overconfidence.fixation.2.option.0	sesgo	Atribuir los éxitos a la propia habilidad y los fracasos a factores externos, reforzando la confianza sin fundamento real	Atribuir os sucessos à própria habilidade e os fracassos a fatores externos, reforçando a confiança sem fundamento real
sesgo.overconfidence.fixation.2.option.1	sesgo	Creer que nuestras habilidades son superiores a las del promedio en todas las áreas	Acreditar que nossas habilidades são superiores às da média em todas as áreas
sesgo.overconfidence.fixation.2.option.2	sesgo	Confiar demasiado en las recomendaciones de otros sin analizarlas	Confiar demais nas recomendações de outros sem analisá-las
sesgo.self-attribution.name	sesgo	Auto-Atribución	Autoatribuição
sesgo.self-attribution.definition	sesgo	Atribuimos nuestros éxitos a nuestra habilidad y nuestros fracasos a factores externos.	Atribuímos nossos sucessos à nossa habilidade e nossos fracassos a fatores externos.
sesgo.self-attribution.description	sesgo	El Sesgo de Auto-Atribución es el "combustible" del Exceso de Confianza. Juntos forman un ciclo peligroso: gano → fue mi habilidad → aprendo que soy bueno → pierdo → fue mala suerte → no aprendo nada. Este ciclo destruye nuestra capacidad de calibrar el riesgo real.	A Autoatribuição é o "combustível" do Excesso de Confiança. Juntos formam um ciclo perigoso: ganho → foi minha habilidade → aprendo que sou bom → perco → foi má sorte → não aprendo nada. Esse ciclo destrói nossa capacidade de calibrar o risco real.
sesgo.self-attribution.mechanism	sesgo	El mecanismo es defensivo: el ego necesita proteger una autoimagen positiva. Atribuirse el mérito de los éxitos alimenta la autoestima; culpar al entorno de los fracasos protege de la autocrítica. El resultado es que nunca aprendemos de nuestros errores de manera sistemática.	O mecanismo é defensivo: o ego precisa proteger uma autoimagem positiva. Atribuir a si mesmo o mérito dos sucessos alimenta a autoestima; culpar o ambiente pelos fracassos protege da autocrítica. O resultado é que nunca aprendemos com nossos erros de forma sistemática.
sesgo.self-attribution.trapQuestion	sesgo	Tu cartera subió +25% este año. ¿Cuál fue el factor principal? A) Mi estrategia y selección (habilidad). B) Estuve en el sector correcto en el momento justo (suerte). — La mayoría elige A. ¿Y si la cartera hubiera bajado -25%?	Sua carteira subiu +25% este ano. Qual foi o fator principal? A) Minha estratégia e seleção (habilidade). B) Estive no setor certo no momento certo (sorte). — A maioria escolhe A. E se a carteira tivesse caído -25%?
sesgo.self-attribution.example.0.label	sesgo	Inversión	Investimento
sesgo.self-attribution.example.0.text	sesgo	Tu cartera subió 40% en 2021. Fue tu análisis brillante. En 2022 cayó 30%. Fue la Fed, el mercado, la guerra en Ucrania. El doble rasero impide aprendizaje real.	Sua carteira subiu 40% em 2021. Foi sua análise brilhante. Em 2022 caiu 30%. Foi o Fed, o mercado, a guerra na Ucrânia. O duplo padrão impede o aprendizado real.
sesgo.self-attribution.example.1.label	sesgo	Empresa	Empresa
sesgo.self-attribution.example.1.text	sesgo	Un CEO reporta ganancias récord: "nuestra estrategia brillante." Reporta pérdidas: "condiciones macroeconómicas adversas sin precedentes."	Um CEO reporta ganhos recordes: "nossa estratégia brilhante." Reporta prejuízos: "condições macroeconômicas adversas sem precedentes."
sesgo.self-attribution.example.2.label	sesgo	Personal	Pessoal
sesgo.self-attribution.example.2.text	sesgo	Pasaste un examen: estudiaste bien. Reprobaste: el profesor fue injusto o las preguntas eran ambiguas.	Você passou em uma prova: estudou bem. Reprovou: o professor foi injusto ou as questões eram ambíguas.
sesgo.self-attribution.antidote.0	sesgo	Diario de decisiones: registra ANTES de invertir tu razonamiento. Al revisar, evalúa el proceso, no solo el resultado.	Diário de decisões: registre ANTES de investir o seu raciocínio. Ao revisar, avalie o processo, não apenas o resultado.
sesgo.self-attribution.antidote.1	sesgo	Separar proceso de resultado: ¿fue una buena decisión dado lo que sabías entonces, independientemente del resultado?	Separar processo de resultado: foi uma boa decisão dado o que você sabia naquele momento, independentemente do resultado?
sesgo.self-attribution.antidote.2	sesgo	Post-mortem honesto: cuando una inversión sale mal, identifica exactamente qué error cometiste, no qué factor externo falló.	Pós-mortem honesto: quando um investimento der errado, identifique exatamente qual erro você cometeu — não qual fator externo falhou.
sesgo.self-attribution.antidote.3	sesgo	Comparte tus análisis con alguien crítico antes de actuar — la exposición reduce el autoengaño.	Compartilhe suas análises com alguém crítico antes de agir — a exposição reduz a autoilusão.
sesgo.self-attribution.question.0.situation	sesgo	Tu inversión principal subió 35% este año. ¿A qué lo atribuyes principalmente?	Seu principal investimento subiu 35% este ano. A que você atribui principalmente?
sesgo.self-attribution.question.0.option.0.text	sesgo	Mi análisis y timing — identifiqué bien la oportunidad	Minha análise e timing — identifiquei bem a oportunidade
sesgo.self-attribution.question.0.option.0.reveal	sesgo	Sesgo de autoatribución (Self-Enhancement): podría ser habilidad, pero ¿verificaste que no fue suerte de mercado?	Viés de autoatribuição (Self-Enhancement): pode ter sido habilidade, mas você verificou que não foi sorte de mercado?
sesgo.self-attribution.question.0.option.1.text	sesgo	Una combinación de análisis razonable y condiciones favorables	Uma combinação de análise razoável e condições favoráveis
sesgo.self-attribution.question.0.option.1.reveal	sesgo	Racional: distinguir habilidad de suerte requiere múltiples ciclos de mercado, no un año	Racional: distinguir habilidade de sorte exige múltiplos ciclos de mercado, não apenas um ano
sesgo.self-attribution.question.1.situation	sesgo	Tu inversión principal cayó 25% inesperadamente. ¿Cómo lo describes en tu análisis?	Seu principal investimento caiu 25% de forma inesperada. Como você descreve isso na sua análise?
sesgo.self-attribution.question.1.option.0.text	sesgo	Riesgo sistémico / evento impredecible — fue externo a mi análisis	Risco sistêmico / evento imprevisível — foi externo à minha análise
sesgo.self-attribution.question.1.option.0.reveal	sesgo	Sesgo de autoprotección: ¿era realmente impredecible o ignoraste señales que no querías ver?	Viés de autoproteção: era realmente imprevisível ou você ignorou sinais que não queria ver?
sesgo.self-attribution.question.1.option.1.text	sesgo	Error de análisis — necesito identificar qué no vi correctamente	Erro de análise — preciso identificar o que não enxerguei corretamente
sesgo.self-attribution.question.1.option.1.reveal	sesgo	Racional: incluso si el shock fue externo, ¿el sizing del riesgo era correcto?	Racional: mesmo que o choque tenha sido externo, o dimensionamento do risco estava correto?
sesgo.self-attribution.question.2.situation	sesgo	Un colega duplicó su inversión en criptomonedas este año. ¿Qué piensas?	Um colega dobrou seu investimento em criptomoedas este ano. O que você pensa?
sesgo.self-attribution.question.2.option.0.text	sesgo	Es un inversor hábil que supo identificar la oportunidad	É um investidor habilidoso que soube identificar a oportunidade
sesgo.self-attribution.question.2.option.0.reveal	sesgo	Doble estándar: si fuera tu pérdida, ¿también sería habilidad? Aplicamos raseros distintos a éxitos ajenos y propios	Duplo padrão: se fosse sua perda, também seria habilidade? Aplicamos critérios diferentes para os sucessos alheios e os próprios
sesgo.self-attribution.question.2.option.1.text	sesgo	Asumió riesgos altos y las condiciones lo favorecieron	Assumiu riscos altos e as condições o favoreceram
sesgo.self-attribution.question.2.option.1.reveal	sesgo	Racional: consistencia en el rasero — aplica el mismo estándar a ti y a los demás	Racional: consistência no critério — aplique o mesmo padrão a você e aos outros
sesgo.self-attribution.fixation.0.question	sesgo	¿Qué es la aversión a la pérdida según Kahneman y Tversky?	O que é a aversão à perda segundo Kahneman e Tversky?
sesgo.self-attribution.fixation.0.option.0	sesgo	Perder $100 duele aproximadamente el doble que el placer de ganar $100	Perder R$ 100 dói aproximadamente o dobro do prazer de ganhar R$ 100
sesgo.self-attribution.fixation.0.option.1	sesgo	Preferir siempre las inversiones más seguras independientemente del retorno	Preferir sempre os investimentos mais seguros independentemente do retorno
sesgo.self-attribution.fixation.0.option.2	sesgo	Evitar cualquier decisión que pueda resultar en pérdida	Evitar qualquer decisão que possa resultar em perda
sesgo.self-attribution.fixation.1.question	sesgo	Un inversor mantiene una acción que bajó 40% esperando recuperarse pero vende rápido las que suben. ¿Cómo se llama este patrón?	Um investidor mantém uma ação que caiu 40% esperando se recuperar, mas vende rapidamente as que sobem. Como se chama esse padrão?
sesgo.self-attribution.fixation.1.option.0	sesgo	Efecto disposición: vender ganadoras pronto y mantener perdedoras demasiado tiempo	Efeito disposição: vender as vencedoras cedo e manter as perdedoras por tempo demais
sesgo.self-attribution.fixation.1.option.1	sesgo	Sesgo de confirmación: busca información que justifique mantener la acción	Viés de confirmação: busca informações que justifiquem manter a ação
sesgo.self-attribution.fixation.1.option.2	sesgo	Exceso de confianza: cree que puede predecir cuándo se recuperará	Excesso de confiança: acredita que pode prever quando vai se recuperar
sesgo.self-attribution.fixation.2.question	sesgo	¿Qué es la aversión miope a la pérdida?	O que é a aversão míope à perda?
sesgo.self-attribution.fixation.2.option.0	sesgo	Revisar el portafolio con tanta frecuencia que las pérdidas a corto plazo dominan las decisiones de largo plazo	Revisar o portfólio com tanta frequência que as perdas de curto prazo dominam as decisões de longo prazo
sesgo.self-attribution.fixation.2.option.1	sesgo	Negarse a invertir en activos que alguna vez tuvieron pérdidas históricas	Recusar-se a investir em ativos que já tiveram perdas históricas
sesgo.self-attribution.fixation.2.option.2	sesgo	Preferir instrumentos de renta fija por encima de cualquier otro activo	Preferir instrumentos de renda fixa acima de qualquer outro ativo
sesgo.status-quo.name	sesgo	Sesgo de Status Quo	Viés de Status Quo
sesgo.status-quo.definition	sesgo	Preferimos mantener las cosas como están, incluso cuando cambiar sería objetivamente mejor.	Preferimos manter as coisas como estão, mesmo quando mudar seria objetivamente melhor.
sesgo.status-quo.description	sesgo	Descrito por Samuelson y Zeckhauser (1988), este sesgo surge del confort de lo conocido y del miedo al arrepentimiento. La inercia psicológica es poderosa: moverse del estado actual implica el riesgo de equivocarse activamente, mientras que quedarse quieto se percibe como "no hacer nada malo".	Descrito por Samuelson e Zeckhauser (1988), esse viés surge do conforto do familiar e do medo do arrependimento. A inércia psicológica é poderosa: sair do estado atual implica o risco de errar ativamente, enquanto ficar parado se percebe como "não fazer nada de errado".
sesgo.status-quo.mechanism	sesgo	El Sistema 1 evalúa opciones en relación a un punto de referencia neutral — el Status Quo. Dado que las pérdidas pesan el doble que las ganancias (Aversión a la Pérdida), cualquier cambio se percibe como potencialmente desventajoso. La pereza del Sistema 2 completa el cuadro.	O Sistema 1 avalia opções em relação a um ponto de referência neutro — o Status Quo. Como as perdas pesam o dobro dos ganhos (Aversão à Perda), qualquer mudança é percebida como potencialmente desvantajosa. A preguiça do Sistema 2 completa o quadro.
sesgo.status-quo.trapQuestion	sesgo	Te ofrecen cambiar tu portafolio actual por uno con mejores expectativas de rendimiento, pero requiere tomar acción activa. ¿Lo haces? — La mayoría dice que sí en frío. En la práctica, la inercia gana.	Oferecem a você trocar sua carteira atual por uma com melhores expectativas de retorno, mas isso exige uma ação ativa. Você faz? — A maioria diz que sim em tese. Na prática, a inércia vence.
sesgo.status-quo.example.0.label	sesgo	Pensiones	Previdência
sesgo.status-quo.example.0.text	sesgo	Cuando el plan de pensiones de una empresa cambia de opt-in a opt-out, la participación sube del 40% al 90%. El default lo es todo.	Quando o plano de previdência de uma empresa muda de opt-in para opt-out, a participação sobe de 40% para 90%. O padrão é tudo.
sesgo.status-quo.example.1.label	sesgo	Inversión	Investimento
sesgo.status-quo.example.1.text	sesgo	Un inversor hereda una cartera de bonos de su padre. Aunque las acciones tendrían mejor rendimiento esperado, mantiene los bonos porque "son lo que había".	Um investidor herda uma carteira de títulos do pai. Embora ações tivessem melhor retorno esperado, ele mantém os títulos porque "era o que havia".
sesgo.status-quo.example.2.label	sesgo	Empresa	Empresa
sesgo.status-quo.example.2.text	sesgo	Una empresa sigue usando el mismo proveedor de software durante 10 años, aunque hay opciones mejores y más baratas, simplemente porque "siempre ha sido así".	Uma empresa continua usando o mesmo fornecedor de software por 10 anos, mesmo havendo opções melhores e mais baratas, simplesmente porque "sempre foi assim".
sesgo.status-quo.antidote.0	sesgo	Re-enmarca la decisión: "¿Elegiría este portafolio si empezara de cero hoy?"	Reencadre a decisão: "Eu escolheria este portfólio se estivesse começando do zero hoje?"
sesgo.status-quo.antidote.1	sesgo	Establece revisiones periódicas obligatorias — la inercia gana si no hay un trigger externo.	Estabeleça revisões periódicas obrigatórias — a inércia vence se não houver um gatilho externo.
sesgo.status-quo.antidote.2	sesgo	Separa el apego emocional del análisis financiero: herencia, tradición y hábito no son argumentos financieros.	Separe o apego emocional da análise financeira: herança, tradição e hábito não são argumentos financeiros.
sesgo.status-quo.antidote.3	sesgo	El test de la acción inversa: ¿si hoy tuvieras lo que quieres cambiar, cambiarías a lo que tienes ahora?	O teste da ação inversa: se hoje você tivesse o que quer mudar, mudaria para o que tem agora?
sesgo.status-quo.question.0.situation	sesgo	Llevas 5 años con el mismo fondo de inversión. Aparece uno nuevo con mejor historial ajustado al riesgo. ¿Qué haces?	Você está há 5 anos com o mesmo fundo de investimento. Surge um novo com melhor histórico ajustado ao risco. O que você faz?
sesgo.status-quo.question.0.option.0.text	sesgo	Me quedo con el mío — ya lo conozco y cambiar da pereza	Fico com o meu — já conheço e mudar dá preguiça
sesgo.status-quo.question.0.option.0.reveal	sesgo	Sesgo de status quo: la inercia y el confort de lo conocido impiden la decisión óptima	Viés de status quo: a inércia e o conforto do familiar impedem a decisão ótima
sesgo.status-quo.question.0.option.1.text	sesgo	Evalúo los dos con los mismos criterios y elijo el mejor sin importar cuál tenía antes	Avalio os dois com os mesmos critérios e escolho o melhor, não importa qual eu tinha antes
sesgo.status-quo.question.0.option.1.reveal	sesgo	Racional: la decisión se hace con los datos actuales, no con el peso de lo que ya tienes	Racional: a decisão se toma com os dados atuais, não com o peso do que você já tem
sesgo.status-quo.question.1.situation	sesgo	Heredaste un portafolio de bonos conservadores de tu abuelo. Las acciones tendrían mejor rendimiento esperado para tu horizonte de 30 años. ¿Qué haces?	Você herdou uma carteira de títulos conservadores do seu avô. Ações teriam melhor retorno esperado para seu horizonte de 30 anos. O que você faz?
sesgo.status-quo.question.1.option.0.text	sesgo	Lo mantengo tal cual — fue su elección y cambiar se siente mal	Mantenho como está — foi a escolha dele e mudar parece errado
sesgo.status-quo.question.1.option.0.reveal	sesgo	Sesgo de status quo + efecto dotación: el apego al origen del portafolio paraliza la optimización	Viés de status quo + efeito dotação: o apego à origem da carteira paralisa a otimização
sesgo.status-quo.question.1.option.1.text	sesgo	Evalúo si este portafolio es el adecuado para MI horizonte y perfil, independiente de su historia	Avalio se essa carteira é adequada para MEU horizonte e perfil, independentemente de sua história
sesgo.status-quo.question.1.option.1.reveal	sesgo	Racional: el origen del portafolio no determina su idoneidad para tu situación actual	Racional: a origem da carteira não determina sua adequação para a sua situação atual
sesgo.status-quo.question.2.situation	sesgo	Tu banco te cobra $1,200/año en comisiones. Otro banco ofrece las mismas condiciones sin comisión. ¿Qué haces?	Seu banco cobra R$ 350/ano em tarifas. Outro banco oferece as mesmas condições sem tarifa. O que você faz?
sesgo.status-quo.question.2.option.0.text	sesgo	Me quedo — cambiar de banco es un proceso tedioso	Fico — mudar de banco é um processo tedioso
sesgo.status-quo.question.2.option.0.reveal	sesgo	Sesgo de status quo: la fricción del cambio se percibe mayor que el beneficio real de $1,200 anuales	Viés de status quo: a fricção da mudança é percebida como maior do que o benefício real de R$ 350 anuais
sesgo.status-quo.question.2.option.1.text	sesgo	Hago el cambio — $1,200 anuales son suficientes para dedicar 2 horas al proceso	Faço a mudança — R$ 350 anuais são suficientes para dedicar 2 horas ao processo
sesgo.status-quo.question.2.option.1.reveal	sesgo	Racional: el costo del cambio (tiempo) se compara explícitamente con el beneficio (ahorro real)	Racional: o custo da mudança (tempo) é comparado explicitamente com o benefício (economia real)
sesgo.status-quo.fixation.0.question	sesgo	¿Cuál es el mecanismo principal detrás del sesgo de status quo?	Qual é o mecanismo principal por trás do viés de status quo?
sesgo.status-quo.fixation.0.option.0	sesgo	La aversión a la pérdida hace que cualquier cambio parezca más costoso que los beneficios potenciales	A aversão à perda faz com que qualquer mudança pareça mais custosa do que os benefícios potenciais
sesgo.status-quo.fixation.0.option.1	sesgo	La falta de información sobre alternativas hace que mantener lo actual parezca más seguro	A falta de informação sobre alternativas faz com que manter o atual pareça mais seguro
sesgo.status-quo.fixation.0.option.2	sesgo	El miedo a equivocarse hace que las personas eviten cualquier decisión activa	O medo de errar faz com que as pessoas evitem qualquer decisão ativa
sesgo.status-quo.fixation.1.question	sesgo	Un experimento cambió el plan de pensiones de opt-in a opt-out. ¿Qué pasó con la participación?	Um experimento mudou o plano de previdência de opt-in para opt-out. O que aconteceu com a participação?
sesgo.status-quo.fixation.1.option.0	sesgo	Subió drásticamente — el default determina más el comportamiento que la preferencia real	Subiu drasticamente — o padrão determina o comportamento mais do que a preferência real
sesgo.status-quo.fixation.1.option.1	sesgo	Bajó — las personas rechazaron la inscripción automática por autonomía	Caiu — as pessoas rejeitaram a inscrição automática por questão de autonomia
sesgo.status-quo.fixation.1.option.2	sesgo	No cambió significativamente — las personas tomaron la misma decisión independiente del default	Não mudou significativamente — as pessoas tomaram a mesma decisão independentemente do padrão
sesgo.status-quo.fixation.2.question	sesgo	¿Cuál es la diferencia entre prudencia y sesgo de status quo?	Qual é a diferença entre prudência e viés de status quo?
sesgo.status-quo.fixation.2.option.0	sesgo	La prudencia se basa en análisis deliberado; el status quo se basa en inercia e incomodidad con el cambio	A prudência se baseia em análise deliberada; o status quo se baseia em inércia e desconforto com a mudança
sesgo.status-quo.fixation.2.option.1	sesgo	La prudencia es un sesgo emocional; el status quo es una estrategia racional de bajo riesgo	A prudência é um viés emocional; o status quo é uma estratégia racional de baixo risco
sesgo.status-quo.fixation.2.option.2	sesgo	No hay diferencia real: ambos llevan a mantener la situación actual	Não há diferença real: ambos levam a manter a situação atual
sesgo.autocontrol.name	sesgo	Sesgo de Autocontrol	Viés de Autocontrole
sesgo.autocontrol.definition	sesgo	No actuamos en pro de nuestros objetivos a largo plazo por falta de autodisciplina y preferencia por la gratificación inmediata.	Não agimos em prol dos nossos objetivos de longo prazo por falta de autodisciplina e preferência pela gratificação imediata.
sesgo.autocontrol.description	sesgo	El Sesgo de Autocontrol (CFA) y el Descuento Hiperbólico (Thaler) describen el mismo fenómeno: somos incapaces de ejecutar hoy lo que en teoría queremos para el futuro. No es un problema de conocimiento — sabemos que debemos ahorrar. Es un problema de voluntad bajo presión.	O Viés de Autocontrole (CFA) e o Desconto Hiperbólico (Thaler) descrevem o mesmo fenômeno: somos incapazes de executar hoje o que em teoria queremos para o futuro. Não é um problema de conhecimento — sabemos que devemos poupar. É um problema de força de vontade sob pressão.
sesgo.autocontrol.mechanism	sesgo	Dan Ariely distingue el "yo en estado frío" (racional, planificador) del "yo en estado caliente" (impulsivo, bajo presión). En estado frío, elegimos virtuosamente. En estado caliente, el Sistema 1 toma el control. La "brecha de empatía" nos impide predecir cuánto diferirá nuestro yo caliente del yo frío.	Dan Ariely distingue o "eu em estado frio" (racional, planejador) do "eu em estado quente" (impulsivo, sob pressão). Em estado frio, fazemos escolhas virtuosas. Em estado quente, o Sistema 1 assume o controle. A "lacuna de empatia" nos impede de prever o quanto nosso eu quente vai diferir do eu frio.
sesgo.autocontrol.trapQuestion	sesgo	¿Cuánto planeas ahorrar el próximo mes? Ahora: ¿cuánto ahorraste este mes? La diferencia entre estos dos números es tu "brecha de autocontrol".	Quanto você planeja poupar no próximo mês? Agora: quanto você poupou este mês? A diferença entre esses dois números é sua "lacuna de autocontrole".
sesgo.autocontrol.example.0.label	sesgo	Ahorro	Poupança
sesgo.autocontrol.example.0.text	sesgo	Sabes que debes ahorrar el 20% de tu sueldo. Cada mes "este mes es la excepción" por alguna razón. Nunca ahorramos tanto como planeamos en frío.	Você sabe que deve poupar 20% do seu salário. Todo mês "este mês é a exceção" por algum motivo. Nunca poupamos tanto quanto planejamos a frio.
sesgo.autocontrol.example.1.label	sesgo	Inversión	Investimento
sesgo.autocontrol.example.1.text	sesgo	Planeas no revisar tu portafolio más de una vez al mes. Pero cuando el mercado cae, entras a la app cada hora y terminas vendiendo en el peor momento.	Você planeja não verificar seu portfólio mais de uma vez por mês. Mas quando o mercado cai, você abre o app a cada hora e acaba vendendo no pior momento.
sesgo.autocontrol.example.2.label	sesgo	Gasto	Gasto
sesgo.autocontrol.example.2.text	sesgo	Decides no gastar en ropa este mes. Pero en el mall, ves una oferta "única" y el yo caliente gana.	Você decide não gastar com roupas este mês. Mas no shopping, vê uma oferta "única" e o eu quente vence.
sesgo.autocontrol.antidote.0	sesgo	Automatiza el ahorro: transfiere automáticamente antes de que el dinero llegue a tu cuenta corriente.	Automatize a poupança: transfira automaticamente antes que o dinheiro chegue à sua conta corrente.
sesgo.autocontrol.antidote.1	sesgo	Usa la herramienta de Thaler: "Save More Tomorrow" — compromete hoy un % de tus futuros aumentos de sueldo.	Use a ferramenta de Thaler: "Save More Tomorrow" — comprometa hoje um % dos seus futuros aumentos de salário.
sesgo.autocontrol.antidote.2	sesgo	Elimina la tentación del entorno: borra apps de trading si revisas en exceso; esconde tarjetas de crédito.	Elimine a tentação do ambiente: delete apps de trading se você verifica em excesso; esconda cartões de crédito.
sesgo.autocontrol.antidote.3	sesgo	Contratos de compromiso (commitment devices): penalidades reales si no cumples tus metas.	Contratos de compromisso (commitment devices): penalidades reais se você não cumprir suas metas.
sesgo.autocontrol.question.0.situation	sesgo	Recibes un bono de $10,000. Tienes una deuda de tarjeta al 20% de interés. ¿Qué haces?	Você recebe um bônus de R$ 3.000. Tem uma dívida de cartão a 20% de juros. O que você faz?
sesgo.autocontrol.question.0.option.0.text	sesgo	Pago la deuda inmediatamente — es el movimiento matemáticamente óptimo	Pago a dívida imediatamente — é a decisão matematicamente ótima
sesgo.autocontrol.question.0.option.0.reveal	sesgo	Racional: eliminar deuda al 20% es un retorno garantizado del 20%, difícil de superar	Racional: eliminar uma dívida a 20% é um retorno garantido de 20%, difícil de superar
sesgo.autocontrol.question.0.option.1.text	sesgo	Gasto la mitad en algo que quería y pago la mitad de la deuda	Gasto metade em algo que queria e pago metade da dívida
sesgo.autocontrol.question.0.option.1.reveal	sesgo	Sesgo de autocontrol: el yo caliente interfiere con la decisión óptima del yo frío	Viés de autocontrole: o eu quente interfere na decisão ótima do eu frio
sesgo.autocontrol.question.1.situation	sesgo	Llevas 4 horas en una reunión agotadora. Pasan snacks. ¿Qué eliges?	Você está há 4 horas em uma reunião exaustiva. Passam salgadinhos. O que você escolhe?
sesgo.autocontrol.question.1.option.0.text	sesgo	El chocolate/galletas — estoy agotado y lo necesito	O chocolate/biscoito — estou esgotado e preciso disso
sesgo.autocontrol.question.1.option.0.reveal	sesgo	Sesgo de autocontrol + Ego Depletion: el Sistema 2 está agotado y el Sistema 1 toma el control	Viés de autocontrole + Ego Depletion: o Sistema 2 está esgotado e o Sistema 1 assume o controle
sesgo.autocontrol.question.1.option.1.text	sesgo	Frutos secos — aunque me cuesta, sigo mi plan de alimentación	Frutas secas — embora seja difícil, sigo meu plano alimentar
sesgo.autocontrol.question.1.option.1.reveal	sesgo	Autocontrol activo: el Sistema 2 ejercita la disciplina incluso bajo fatiga	Autocontrole ativo: o Sistema 2 exerce disciplina mesmo sob fadiga
sesgo.autocontrol.question.2.situation	sesgo	El mercado cayó 8% hoy. Tu portafolio bajó $15,000. ¿Qué haces?	O mercado caiu 8% hoje. Seu portfólio baixou R$ 4.000. O que você faz?
sesgo.autocontrol.question.2.option.0.text	sesgo	Reviso la app cada hora y eventualmente vendo para "detener las pérdidas"	Fico verificando o app a cada hora e eventualmente vendo para "estancar as perdas"
sesgo.autocontrol.question.2.option.0.reveal	sesgo	Sesgo de autocontrol: el malestar del yo caliente destruye el plan del yo frío	Viés de autocontrole: o desconforto do eu quente destrói o plano do eu frio
sesgo.autocontrol.question.2.option.1.text	sesgo	Recuerdo mi plan de largo plazo y no hago nada hasta la revisión programada	Lembro do meu plano de longo prazo e não faço nada até a revisão programada
sesgo.autocontrol.question.2.option.1.reveal	sesgo	Racional: la aversión miope a la pérdida destruye retornos — el plan existe precisamente para momentos así	Racional: a aversão míope à perda destrói retornos — o plano existe exatamente para momentos como esse
sesgo.autocontrol.fixation.0.question	sesgo	¿Qué es el descuento hiperbólico?	O que é o desconto hiperbólico?
sesgo.autocontrol.fixation.0.option.0	sesgo	La tendencia a preferir recompensas pequeñas e inmediatas sobre recompensas mayores en el futuro	A tendência de preferir recompensas pequenas e imediatas a recompensas maiores no futuro
sesgo.autocontrol.fixation.0.option.1	sesgo	Descuentos que parecen atractivos pero tienen costos ocultos a largo plazo	Descontos que parecem atrativos mas têm custos ocultos no longo prazo
sesgo.autocontrol.fixation.0.option.2	sesgo	La incapacidad de calcular correctamente el valor del dinero en el tiempo	A incapacidade de calcular corretamente o valor do dinheiro no tempo
sesgo.autocontrol.fixation.1.question	sesgo	Sabes que deberías ahorrar $2,000 al mes pero cada mes lo pospones. ¿Qué explica este patrón?	Você sabe que deveria poupar R$ 600 por mês, mas todo mês adia. O que explica esse padrão?
sesgo.autocontrol.fixation.1.option.0	sesgo	Sesgo del presente: el yo futuro se siente lejano y abstracto; el placer de gastar hoy se siente concreto e inmediato	Viés do presente: o eu futuro parece distante e abstrato; o prazer de gastar hoje parece concreto e imediato
sesgo.autocontrol.fixation.1.option.1	sesgo	Sesgo de status quo: prefieres mantener tus hábitos de gasto actuales	Viés de status quo: você prefere manter seus hábitos de gasto atuais
sesgo.autocontrol.fixation.1.option.2	sesgo	Aversión a la pérdida: sientes que ahorrar es perder dinero disponible	Aversão à perda: você sente que poupar é perder dinheiro disponível
sesgo.autocontrol.fixation.2.question	sesgo	¿Por qué los compromisos previos (precommitment) son efectivos contra este sesgo?	Por que os pré-compromissos (precommitment) são eficazes contra esse viés?
sesgo.autocontrol.fixation.2.option.0	sesgo	Porque eliminan la decisión en el momento de tentación, cuando el Sistema 1 domina	Porque eliminam a decisão no momento da tentação, quando o Sistema 1 domina
sesgo.autocontrol.fixation.2.option.1	sesgo	Porque aumentan la culpa cuando no cumplimos, lo que nos motiva más	Porque aumentam a culpa quando não cumprimos, o que nos motiva mais
sesgo.autocontrol.fixation.2.option.2	sesgo	Porque hacen que el ahorro sea más visible y fácil de monitorear	Porque tornam a poupança mais visível e fácil de monitorar
sesgo.endowment-effect.name	sesgo	Efecto de Dotación	Efeito de Dotação
sesgo.endowment-effect.definition	sesgo	Valoramos más un activo simplemente porque lo poseemos.	Valorizamos mais um ativo simplesmente porque o possuímos.
sesgo.endowment-effect.description	sesgo	Descrito por Kahneman y Thaler, el Efecto de Dotación viola la teoría económica clásica: el precio al que estarías dispuesto a vender algo (WTA) debería ser igual al que pagarías por comprarlo (WTP). En la práctica, WTA siempre supera WTP — somos dueños sentimentales de nuestros activos.	Descrito por Kahneman e Thaler, o Efeito de Dotação viola a teoria econômica clássica: o preço pelo qual você estaria disposto a vender algo (WTA) deveria ser igual ao que pagaria para comprá-lo (WTP). Na prática, WTA sempre supera WTP — somos donos sentimentais dos nossos ativos.
sesgo.endowment-effect.mechanism	sesgo	Una vez que poseemos algo, dejarlo ir se siente como una pérdida. La aversión a la pérdida entra en juego: el dolor de perder la posesión supera el placer de ganar el dinero. Dan Ariely observó que empezamos a amar las cosas casi inmediatamente después de poseerlas, o incluso de imaginar que las poseemos.	Uma vez que possuímos algo, abrir mão dele parece uma perda. A aversão à perda entra em cena: a dor de perder a posse supera o prazer de ganhar o dinheiro. Dan Ariely observou que começamos a gostar das coisas quase imediatamente após possuí-las, ou até mesmo ao imaginar que as possuímos.
sesgo.endowment-effect.trapQuestion	sesgo	Ganaste en un sorteo una entrada VIP de $1,500 para tu evento soñado. Alguien te ofrece $1,500 en efectivo por ella. ¿La vendes? — La mayoría dice no. Pero antes de ganarla, no habrías pagado $1,500 por ella.	Você ganhou em um sorteio um ingresso VIP de R$ 450 para o evento dos seus sonhos. Alguém te oferece R$ 450 em dinheiro por ele. Você vende? — A maioria diz não. Mas antes de ganhá-lo, você não teria pago R$ 450 por ele.
sesgo.endowment-effect.example.0.label	sesgo	Inversión	Investimento
sesgo.endowment-effect.example.0.text	sesgo	Un inversor recibe acciones de su empresa como compensación. Aunque racionalmente sabe que está sobreexpuesto a un solo activo, no las vende porque "son mías, las gané yo".	Um investidor recebe ações de sua empresa como remuneração. Embora racionalmente saiba que está superexposto a um único ativo, não as vende porque "são minhas, eu as ganhei".
sesgo.endowment-effect.example.1.label	sesgo	Inmuebles	Imóveis
sesgo.endowment-effect.example.1.text	sesgo	Los vendedores de casas siempre creen que su propiedad vale más de lo que dice el mercado. El apego emocional infla la valuación.	Vendedores de imóveis sempre acreditam que sua propriedade vale mais do que o mercado indica. O apego emocional infla a avaliação.
sesgo.endowment-effect.example.2.label	sesgo	Negociación	Negociação
sesgo.endowment-effect.example.2.text	sesgo	En negociaciones, quien ya "tiene" algo (un contrato, un derecho) pide más para cederlo de lo que la contraparte pagaría para adquirirlo, bloqueando acuerdos eficientes.	Em negociações, quem já "tem" algo (um contrato, um direito) exige mais para ceder do que a contraparte pagaria para adquiri-lo, bloqueando acordos eficientes.
sesgo.endowment-effect.antidote.0	sesgo	Test del nuevo dinero: "¿Si tuviera este activo en efectivo hoy, compraría esta posición a este precio?"	Teste do dinheiro novo: "Se eu tivesse esse ativo em dinheiro hoje, eu compraria essa posição a esse preço?"
sesgo.endowment-effect.antidote.1	sesgo	Valoración desde fuera: pide a alguien sin vínculo emocional que evalúe el activo.	Avaliação externa: peça a alguém sem vínculo emocional que avalie o ativo.
sesgo.endowment-effect.antidote.2	sesgo	Separar la historia del activo de su valor de mercado actual.	Separar a história do ativo do seu valor de mercado atual.
sesgo.endowment-effect.antidote.3	sesgo	Revisión periódica forzada: "¿Qué tan objetivamente estoy valorando esto porque lo poseo?"	Revisão periódica forçada: "O quanto estou avaliando isso de forma objetiva, ou apenas porque o possuo?"
sesgo.endowment-effect.question.0.situation	sesgo	Tienes acciones de tu empresa que recibiste como bono. Representan el 40% de tu portafolio. ¿Qué haces?	Você tem ações da sua empresa que recebeu como bônus. Elas representam 40% do seu portfólio. O que você faz?
sesgo.endowment-effect.question.0.option.0.text	sesgo	Las mantengo — son "mis" acciones, las gané, confío en la empresa	Mantenho — são "minhas" ações, eu as ganhei, confio na empresa
sesgo.endowment-effect.question.0.option.0.reveal	sesgo	Efecto de dotación: la posesión y el origen crean apego que nubla la evaluación de concentración de riesgo	Efeito de dotação: a posse e a origem criam apego que nubla a avaliação de concentração de risco
sesgo.endowment-effect.question.0.option.1.text	sesgo	Evalúo si tener el 40% en una sola acción es prudente, independiente de su origen	Avalio se ter 40% em uma única ação é prudente, independentemente de sua origem
sesgo.endowment-effect.question.0.option.1.reveal	sesgo	Racional: las acciones deben evaluarse como cualquier otra inversión, sin privilegio por su historia	Racional: as ações devem ser avaliadas como qualquer outro investimento, sem privilégio por sua história
sesgo.endowment-effect.question.1.situation	sesgo	Compraste un auto hace 3 años. Quieres venderlo. El mercado lo valúa en $180,000. ¿A qué precio lo pones?	Você comprou um carro há 3 anos. Quer vendê-lo. O mercado o avalia em R$ 50.000. A que preço você o coloca à venda?
sesgo.endowment-effect.question.1.option.0.text	sesgo	$220,000 o más — mi auto está en perfecto estado y vale más que el promedio	R$ 65.000 ou mais — meu carro está em perfeito estado e vale mais do que a média
sesgo.endowment-effect.question.1.option.0.reveal	sesgo	Efecto de dotación: todos los dueños creen que su auto es "especial" y está en mejor estado que el promedio	Efeito de dotação: todos os donos acreditam que seu carro é "especial" e está em melhor estado do que a média
sesgo.endowment-effect.question.1.option.1.text	sesgo	$180,000 o el precio de mercado — es lo que un comprador racional pagaría	R$ 50.000 ou o preço de mercado — é o que um comprador racional pagaria
sesgo.endowment-effect.question.1.option.1.reveal	sesgo	Racional: el mercado ya incorpora el "perfecto estado" en su valuación promedio	Racional: o mercado já incorpora o "perfeito estado" em sua avaliação média
sesgo.endowment-effect.question.2.situation	sesgo	Ganaste en un sorteo una entrada a un concierto valorada en $2,000. Alguien te ofrece $2,000 en efectivo por ella. ¿La vendes?	Você ganhou em um sorteio um ingresso para um show avaliado em R$ 600. Alguém te oferece R$ 600 em dinheiro por ele. Você vende?
sesgo.endowment-effect.question.2.option.0.text	sesgo	No — ya es mía y la experiencia vale más que el dinero	Não — já é minha e a experiência vale mais do que o dinheiro
sesgo.endowment-effect.question.2.option.0.reveal	sesgo	Efecto de dotación: si antes de ganarla no habrías pagado $2,000, ¿por qué ahora vale más?	Efeito de dotação: se antes de ganhá-la você não teria pago R$ 600, por que agora ela vale mais?
sesgo.endowment-effect.question.2.option.1.text	sesgo	Sí — si la entrada vale exactamente lo que me ofrecen, la decisión es neutra	Sim — se o ingresso vale exatamente o que me oferecem, a decisão é neutra
sesgo.endowment-effect.question.2.option.1.reveal	sesgo	Racional: la propiedad no debería crear valor adicional si el precio es de mercado	Racional: a posse não deveria criar valor adicional se o preço oferecido é de mercado
sesgo.endowment-effect.fixation.0.question	sesgo	¿Qué revela el experimento de las tazas de café de Kahneman sobre el efecto dotación?	O que o experimento das canecas de café de Kahneman revela sobre o efeito dotação?
sesgo.endowment-effect.fixation.0.option.0	sesgo	Las personas piden más para vender algo que lo que pagarían por comprarlo, solo porque ya lo poseen	As pessoas pedem mais para vender algo do que pagariam para comprá-lo, só porque já o possuem
sesgo.endowment-effect.fixation.0.option.1	sesgo	Las personas valoran más los objetos de uso cotidiano que los de inversión	As pessoas valorizam mais objetos de uso cotidiano do que os de investimento
sesgo.endowment-effect.fixation.0.option.2	sesgo	El precio de mercado no refleja el valor real que los consumidores le dan a los productos	O preço de mercado não reflete o valor real que os consumidores atribuem aos produtos
sesgo.endowment-effect.fixation.1.question	sesgo	Un inversor se niega a vender acciones heredadas de su abuelo aunque tengan mal desempeño. ¿Cómo opera el efecto dotación aquí?	Um investidor se recusa a vender ações herdadas de seu avô mesmo com desempenho ruim. Como o efeito dotação opera aqui?
sesgo.endowment-effect.fixation.1.option.0	sesgo	La propiedad y el vínculo emocional inflan el valor percibido más allá del valor financiero real	A posse e o vínculo emocional inflam o valor percebido além do valor financeiro real
sesgo.endowment-effect.fixation.1.option.1	sesgo	El sesgo de status quo le impide tomar decisiones activas sobre el portafolio	O viés de status quo o impede de tomar decisões ativas sobre o portfólio
sesgo.endowment-effect.fixation.1.option.2	sesgo	La aversión a la pérdida le hace temer cristalizar la pérdida vendiendo	A aversão à perda o faz temer cristalizar a perda ao vender
sesgo.endowment-effect.fixation.2.question	sesgo	¿Cuál es la pregunta clave para neutralizar el efecto dotación en decisiones financieras?	Qual é a pergunta-chave para neutralizar o efeito dotação em decisões financeiras?
sesgo.endowment-effect.fixation.2.option.0	sesgo	"Si no tuviera este activo hoy, ¿lo compraría a este precio?" — si la respuesta es no, hay que replantearse tenerlo	"Se eu não tivesse esse ativo hoje, eu o compraria a esse preço?" — se a resposta for não, vale repensar mantê-lo
sesgo.endowment-effect.fixation.2.option.1	sesgo	"¿Cuánto tiempo llevo con este activo?" — más tiempo justifica más apego	"Há quanto tempo tenho esse ativo?" — mais tempo justifica mais apego
sesgo.endowment-effect.fixation.2.option.2	sesgo	"¿Qué harían otros inversores con este activo?" — la comparación social neutraliza el sesgo	"O que outros investidores fariam com esse ativo?" — a comparação social neutraliza o viés
sesgo.halo-effect.name	sesgo	Efecto Halo	Efeito Halo
sesgo.halo-effect.definition	sesgo	Generalizamos un atributo positivo (o negativo) de una persona o empresa hacia todas sus demás características.	Generalizamos um atributo positivo (ou negativo) de uma pessoa ou empresa para todas as suas demais características.
sesgo.halo-effect.description	sesgo	El Efecto Halo es una obra maestra del Sistema 1: ante la ausencia de información completa, usamos la emoción que nos produce un rasgo visible para "rellenar" los espacios en blanco. Si una empresa hace un producto que adoramos, asumimos que sus finanzas, gestión y perspectivas también son brillantes.	O Efeito Halo é uma obra-prima do Sistema 1: diante da ausência de informação completa, usamos a emoção que um traço visível nos desperta para "preencher" os espaços em branco. Se uma empresa faz um produto que adoramos, assumimos que suas finanças, gestão e perspectivas também são brilhantes.
sesgo.halo-effect.mechanism	sesgo	Kahneman explica que el Sistema 1 detesta la ambigüedad y busca narrativas simples y coherentes. Ante la pregunta difícil "¿Es esta empresa una buena inversión?", sustituye por "¿Me gusta su producto?". La respuesta emocional llena los vacíos cognitivos.	Kahneman explica que o Sistema 1 detesta a ambiguidade e busca narrativas simples e coerentes. Diante da pergunta difícil "Esta empresa é um bom investimento?", ele a substitui por "Eu gosto do produto?". A resposta emocional preenche os vazios cognitivos.
sesgo.halo-effect.trapQuestion	sesgo	Tu teléfono favorito es de la marca X. Es rápido y hermoso. La empresa sale a bolsa. Tienes liquidez. ¿Qué haces? — Comprar porque el producto es genial es el Efecto Halo: producto ≠ acción.	Seu celular favorito é da marca X. É rápido e lindo. A empresa abre o capital. Você tem liquidez. O que você faz? — Comprar porque o produto é incrível é o Efeito Halo: produto ≠ ação.
sesgo.halo-effect.example.0.label	sesgo	Inversión	Investimento
sesgo.halo-effect.example.0.text	sesgo	Apple hace productos que amas. Sus acciones siempre valen más de lo que los fundamentals justifican porque el halo del producto contamina la valuación. "Buen producto = buena acción" es el Efecto Halo aplicado.	A Apple faz produtos que você ama. Suas ações sempre valem mais do que os fundamentals justificam porque o halo do produto contamina a avaliação. "Bom produto = boa ação" é o Efeito Halo aplicado.
sesgo.halo-effect.example.1.label	sesgo	Contratación	Contratação
sesgo.halo-effect.example.1.text	sesgo	Un candidato atractivo y bien vestido parece más competente en la entrevista, independientemente de sus respuestas técnicas. El físico irradia halo hacia la inteligencia.	Um candidato atraente e bem vestido parece mais competente na entrevista, independentemente de suas respostas técnicas. A aparência irradia halo sobre a inteligência.
sesgo.halo-effect.example.2.label	sesgo	Empresa	Empresa
sesgo.halo-effect.example.2.text	sesgo	Un CEO carismático que habla bien en conferencias parece más capaz de ejecutar la estrategia, aunque los números digan otra cosa.	Um CEO carismático que fala bem em conferências parece mais capaz de executar a estratégia, mesmo que os números digam outra coisa.
sesgo.halo-effect.antidote.0	sesgo	Separar explícitamente: "¿Me gusta el producto?" vs. "¿Es buena inversión la acción?"	Separar explicitamente: "Eu gosto do produto?" vs. "A ação é um bom investimento?"
sesgo.halo-effect.antidote.1	sesgo	Evalúa la empresa como si nunca hubieras usado su producto — ¿cómo ves los números?	Avalie a empresa como se nunca tivesse usado seu produto — como você enxerga os números?
sesgo.halo-effect.antidote.2	sesgo	Busca activamente debilidades en las empresas que más admiras.	Busque ativamente os pontos fracos das empresas que mais admira.
sesgo.halo-effect.antidote.3	sesgo	El test del CEO feo: ¿evaluarías igual esta empresa si el CEO fuera antipático pero los números iguales?	O teste do CEO antipático: você avaliaria essa empresa da mesma forma se o CEO fosse desagradável, mas os números fossem iguais?
sesgo.halo-effect.question.0.situation	sesgo	Eres fanático de una marca de autos de lujo. Acaban de sacar al mercado sus acciones. ¿Qué haces?	Você é fã de uma marca de carros de luxo. Eles acabaram de abrir o capital. O que você faz?
sesgo.halo-effect.question.0.option.0.text	sesgo	Compro — si el producto es tan bueno, la empresa debe ser excelente	Compro — se o produto é tão bom, a empresa deve ser excelente
sesgo.halo-effect.question.0.option.0.reveal	sesgo	Efecto Halo: la admiración por el producto contamina la evaluación financiera de la acción	Efeito Halo: a admiração pelo produto contamina a avaliação financeira da ação
sesgo.halo-effect.question.0.option.1.text	sesgo	Analizo el ratio deuda/capital, márgenes y perspectivas como si no conociera la marca	Analiso o índice dívida/capital, margens e perspectivas como se não conhecesse a marca
sesgo.halo-effect.question.0.option.1.reveal	sesgo	Racional: separar la experiencia como consumidor del análisis como inversor	Racional: separar a experiência como consumidor da análise como investidor
sesgo.halo-effect.question.1.situation	sesgo	Un gestor de fondos es guapo, articula perfectamente y tiene un MBA de Harvard. ¿Qué peso le das a su historial de retornos?	Um gestor de fundos é atraente, se expressa com perfeição e tem um MBA por Harvard. Que peso você dá ao histórico de retornos dele?
sesgo.halo-effect.question.1.option.0.text	sesgo	El MBA y la presencia me dan mucha confianza — reviso el historial de forma	O MBA e a presença me dão muita confiança — reviso o histórico de forma
sesgo.halo-effect.question.1.option.0.reveal	sesgo	Efecto Halo: los atributos superficiales (apariencia, credenciales) contaminan la evaluación de lo que importa (resultados)	Efeito Halo: atributos superficiais (aparência, credenciais) contaminam a avaliação do que realmente importa (resultados)
sesgo.halo-effect.question.1.option.1.text	sesgo	El historial de retornos ajustados al riesgo es lo que determina mi decisión	O histórico de retornos ajustados ao risco é o que determina minha decisão
sesgo.halo-effect.question.1.option.1.reveal	sesgo	Racional: los retornos auditados son el único indicador que predice futuro desempeño con algo de validez	Racional: os retornos auditados são o único indicador que prediz desempenho futuro com alguma validade
sesgo.halo-effect.question.2.situation	sesgo	Una empresa que hizo un producto que usas y adoras reporta pérdidas por tercer trimestre consecutivo. ¿Cómo reaccionas?	Uma empresa cujo produto você usa e adora reporta prejuízos pelo terceiro trimestre consecutivo. Como você reage?
sesgo.halo-effect.question.2.option.0.text	sesgo	Deben ser problemas temporales — es una empresa demasiado buena para fracasar	Devem ser problemas temporários — é uma empresa boa demais para fracassar
sesgo.halo-effect.question.2.option.0.reveal	sesgo	Efecto Halo inverso: el amor por la marca crea resistencia a actualizar la visión ante evidencia negativa	Efeito Halo inverso: o amor pela marca cria resistência a atualizar a visão diante de evidências negativas
sesgo.halo-effect.question.2.option.1.text	sesgo	Reviso si hay razones fundamentales para las pérdidas y actualizo mi tesis	Analiso se há razões fundamentais para as perdas e atualizo minha tese
sesgo.halo-effect.question.2.option.1.reveal	sesgo	Racional: los datos actuales pesan más que la historia emocional con la empresa	Racional: os dados atuais pesam mais do que a história emocional com a empresa
sesgo.halo-effect.fixation.0.question	sesgo	¿Qué es el efecto halo en el contexto de inversiones?	O que é o efeito halo no contexto de investimentos?
sesgo.halo-effect.fixation.0.option.0	sesgo	Generalizar atributos positivos de una empresa a todos sus demás aspectos, formando una imagen distorsionada	Generalizar atributos positivos de uma empresa para todos os seus demais aspectos, formando uma imagem distorcida
sesgo.halo-effect.fixation.0.option.1	sesgo	El brillo que genera un activo en todo el portafolio cuando sube de valor	O brilho que um ativo gera em todo o portfólio quando sobe de valor
sesgo.halo-effect.fixation.0.option.2	sesgo	La tendencia a invertir en empresas conocidas porque su marca genera confianza	A tendência de investir em empresas conhecidas porque a marca gera confiança
sesgo.halo-effect.fixation.1.question	sesgo	Una empresa tech muy admirada lanza un producto en un mercado que no conoce. Los analistas la califican positivamente por inercia. ¿Qué sesgo opera?	Uma empresa de tecnologia muito admirada lança um produto em um mercado que não conhece. Os analistas a avaliam positivamente por inércia. Qual viés está operando?
sesgo.halo-effect.fixation.1.option.0	sesgo	Efecto halo: el éxito pasado en tecnología contamina la evaluación de una aventura en un sector diferente	Efeito halo: o sucesso passado em tecnologia contamina a avaliação de uma aposta em um setor diferente
sesgo.halo-effect.fixation.1.option.1	sesgo	Sesgo de disponibilidad: el éxito reciente de la empresa es fácil de recordar	Viés de disponibilidade: o sucesso recente da empresa é fácil de lembrar
sesgo.halo-effect.fixation.1.option.2	sesgo	Representatividad: se parece a otras empresas que diversificaron exitosamente	Representatividade: se parece com outras empresas que diversificaram com sucesso
sesgo.halo-effect.fixation.2.question	sesgo	¿Cuál es el antídoto más directo contra el efecto halo al evaluar una inversión?	Qual é o antídoto mais direto contra o efeito halo ao avaliar um investimento?
sesgo.halo-effect.fixation.2.option.0	sesgo	Analizar cada dimensión por separado — producto, finanzas, equipo — sin dejar que una contamine las demás	Analisar cada dimensão separadamente — produto, finanças, equipe — sem deixar que uma contamine as demais
sesgo.halo-effect.fixation.2.option.1	sesgo	Buscar opiniones de personas que no conozcan la empresa para evitar el sesgo	Buscar opiniões de pessoas que não conheçam a empresa para evitar o viés
sesgo.halo-effect.fixation.2.option.2	sesgo	Comparar la empresa con su competencia directa antes de evaluarla de forma aislada	Comparar a empresa com sua concorrência direta antes de avaliá-la de forma isolada
sesgo.herding.name	sesgo	Efecto Manada	Efeito Manada
sesgo.herding.definition	sesgo	Tendemos a seguir las decisiones de la multitud, abandonando nuestro análisis propio.	Tendemos a seguir as decisões da multidão, abandonando nossa própria análise.
sesgo.herding.description	sesgo	El Efecto Manada (Social Proof) es la tendencia a asumir que si muchos están haciendo algo, debe ser correcto. En inversiones, este sesgo alimenta burbujas (todos compran) y crashes (todos venden). Según el CFA, es un Error Cognitivo: el inversor falla en procesar información de manera independiente.	O Efeito Manada (Social Proof) é a tendência de assumir que, se muitos estão fazendo algo, deve ser correto. Em investimentos, esse viés alimenta bolhas (todos compram) e crashes (todos vendem). Segundo o CFA, é um Erro Cognitivo: o investidor falha em processar informações de forma independente.
sesgo.herding.mechanism	sesgo	El cerebro sustituye una pregunta difícil ("¿Cuáles son los fundamentals de este activo?") por una fácil ("¿Están todos los demás comprando?"). Bajo incertidumbre, el consenso actúa como proxy de la verdad. Robert Cialdini explica que este mecanismo se amplifica con dos condiciones: incertidumbre y similitud.	O cérebro substitui uma pergunta difícil ("Quais são os fundamentals deste ativo?") por uma fácil ("Todos os outros estão comprando?"). Sob incerteza, o consenso atua como proxy da verdade. Robert Cialdini explica que esse mecanismo se amplifica com duas condições: incerteza e similaridade.
sesgo.herding.trapQuestion	sesgo	Eres parte de un comité. Todos aprueban un proyecto con números frágiles. ¿Cómo actúas? — En frío, el 90% dice que votaría en contra. En la sala, la presión del grupo cambia el voto.	Você faz parte de um comitê. Todos aprovam um projeto com números frágeis. Como você age? — Em um ambiente neutro, 90% diz que votaria contra. Na sala, a pressão do grupo muda o voto.
sesgo.herding.example.0.label	sesgo	Burbuja	Bolha
sesgo.herding.example.0.text	sesgo	En 2021, millones compraron NFTs porque "todos los demás lo hacían". Nadie quería perderse el rally. El resultado fue una caída del 97% en muchos activos.	Em 2021, milhões compraram NFTs porque "todo mundo estava fazendo isso". Ninguém queria perder o rali. O resultado foi uma queda de 97% em muitos ativos.
sesgo.herding.example.1.label	sesgo	Institucional	Institucional
sesgo.herding.example.1.text	sesgo	Los gestores profesionales también sufren herding: es más seguro equivocarse con la mayoría ("todos perdimos") que equivocarse solo ("¿por qué tomaste esa posición?").	Gestores profissionais também sofrem herding: é mais seguro errar junto com a maioria ("todos perdemos") do que errar sozinho ("por que você tomou essa posição?").
sesgo.herding.example.2.label	sesgo	FOMO	FOMO
sesgo.herding.example.2.text	sesgo	Una acción sube 30% en una semana. El volumen de búsquedas en Google explota. Nuevos inversores entran justo cuando los informados están saliendo.	Uma ação sobe 30% em uma semana. O volume de buscas no Google explode. Novos investidores entram justamente quando os mais informados estão saindo.
sesgo.herding.antidote.0	sesgo	Antes de cualquier decisión, escribe tu análisis ANTES de conocer la posición de los demás.	Antes de qualquer decisão, escreva sua análise ANTES de conhecer a posição dos outros.
sesgo.herding.antidote.1	sesgo	El test del contrarian: ¿qué argumento haría el mejor inversor que va en dirección opuesta?	O teste do contrarian: qual argumento faria o melhor investidor que vai na direção oposta?
sesgo.herding.antidote.2	sesgo	El consenso es información, no verdad. Pregunta: ¿qué saben los que están comprando que yo no sé?	O consenso é informação, não verdade. Pergunte: o que sabem os que estão comprando que eu não sei?
sesgo.herding.antidote.3	sesgo	Huye de las decisiones tomadas bajo urgencia y presión social — es precisamente cuando el herding ataca.	Fuja de decisões tomadas sob urgência e pressão social — é exatamente quando o herding ataca.
sesgo.herding.question.0.situation	sesgo	Un activo que no conoces subió 80% este mes. Todos tus amigos ya invirtieron. ¿Qué haces?	Um ativo que você não conhece subiu 80% este mês. Todos os seus amigos já investiram. O que você faz?
sesgo.herding.question.0.option.0.text	sesgo	Entro — si tanta gente está ganando, algo saben que yo no sé	Entro — se tanta gente está ganhando, sabem algo que eu não sei
sesgo.herding.question.0.option.0.reveal	sesgo	Efecto Manada: el consenso actúa como sustituto del análisis. Pero quienes entraron primero ya están saliendo	Efeito Manada: o consenso atua como substituto da análise. Mas quem entrou primeiro já está saindo
sesgo.herding.question.0.option.1.text	sesgo	Investigo los fundamentals antes de moverme, independiente de lo que hagan mis amigos	Pesquiso os fundamentals antes de me mover, independentemente do que meus amigos estejam fazendo
sesgo.herding.question.0.option.1.reveal	sesgo	Racional: cuando todos hablan de una inversión, suele ser tarde para entrar	Racional: quando todos falam de um investimento, geralmente já é tarde para entrar
sesgo.herding.question.1.situation	sesgo	En el comité de inversiones, 4 de 5 miembros aprueban un proyecto con proyecciones que te parecen optimistas. Eres el último en votar. ¿Qué haces?	No comitê de investimentos, 4 dos 5 membros aprovam um projeto com projeções que parecem otimistas para você. Você é o último a votar. O que você faz?
sesgo.herding.question.1.option.0.text	sesgo	Voto a favor — si cuatro personas más inteligentes que yo lo aprobaron, algo ven	Voto a favor — se quatro pessoas mais inteligentes do que eu aprovaram, elas enxergam algo
sesgo.herding.question.1.option.0.reveal	sesgo	Herding institucional (Groupthink): los comités destruyen el valor de la información privada de cada miembro	Herding institucional (Groupthink): os comitês destroem o valor da informação privada de cada membro
sesgo.herding.question.1.option.1.text	sesgo	Voto en contra y explico mis dudas — el valor de estar en el comité es precisamente votar de forma independiente	Voto contra e explico minhas dúvidas — o valor de estar no comitê é exatamente votar de forma independente
sesgo.herding.question.1.option.1.reveal	sesgo	Racional: la diversidad de opiniones en un comité es su principal activo. Ceder al consenso la elimina	Racional: a diversidade de opiniões em um comitê é seu principal ativo. Ceder ao consenso a elimina
sesgo.herding.question.2.situation	sesgo	El mercado cayó 15% en dos semanas. Todos venden. Los medios hablan de "colapso histórico". ¿Qué haces con tu portafolio de largo plazo?	O mercado caiu 15% em duas semanas. Todos estão vendendo. A mídia fala em "colapso histórico". O que você faz com seu portfólio de longo prazo?
sesgo.herding.question.2.option.0.text	sesgo	Vendo también para evitar pérdidas mayores — si todos salen, algo grave está pasando	Vendo também para evitar perdas maiores — se todos estão saindo, algo grave está acontecendo
sesgo.herding.question.2.option.0.reveal	sesgo	Herding a la baja: las crisis generan el peor momento para seguir a la multitud — es cuando los informados compran	Herding na baixa: as crises geram o pior momento para seguir a multidão — é quando os mais informados compram
sesgo.herding.question.2.option.1.text	sesgo	Reviso si los fundamentals de mis posiciones cambiaron, no si el sentimiento del mercado cambió	Analiso se os fundamentals das minhas posições mudaram, não se o sentimento do mercado mudou
sesgo.herding.question.2.option.1.reveal	sesgo	Racional: el precio y el valor divergen más en pánico. El herding vende cuando debería comprar	Racional: preço e valor divergem mais em pânico. O herding vende quando deveria comprar
sesgo.herding.fixation.0.question	sesgo	¿Por qué el efecto manada se intensifica en condiciones de incertidumbre?	Por que o efeito manada se intensifica em condições de incerteza?
sesgo.herding.fixation.0.option.0	sesgo	Porque bajo incertidumbre, el consenso actúa como sustituto del análisis — si todos lo hacen, debe ser correcto	Porque sob incerteza, o consenso atua como substituto da análise — se todo mundo está fazendo, deve ser certo
sesgo.herding.fixation.0.option.1	sesgo	Porque en mercados volátiles la información individual pierde valor frente a la colectiva	Porque em mercados voláteis a informação individual perde valor frente à coletiva
sesgo.herding.fixation.0.option.2	sesgo	Porque la incertidumbre activa el Sistema 2 que busca validación social antes de decidir	Porque a incerteza ativa o Sistema 2, que busca validação social antes de decidir
sesgo.herding.fixation.1.question	sesgo	Los gestores profesionales de fondos también sufren efecto manada. ¿Por qué?	Gestores profissionais de fundos também sofrem efeito manada. Por quê?
sesgo.herding.fixation.1.option.0	sesgo	Porque equivocarse junto a todos es profesionalmente menos costoso que equivocarse solo con una posición contraria	Porque errar junto com todos é profissionalmente menos custoso do que errar sozinho com uma posição contrária
sesgo.herding.fixation.1.option.1	sesgo	Porque tienen acceso a la misma información y naturalmente llegan a las mismas conclusiones	Porque têm acesso às mesmas informações e naturalmente chegam às mesmas conclusões
sesgo.herding.fixation.1.option.2	sesgo	Porque los reguladores les exigen mantener portafolios similares al índice de referencia	Porque os reguladores exigem que mantenham portfólios similares ao índice de referência
sesgo.herding.fixation.2.question	sesgo	¿Qué distingue al inversor que resiste el efecto manada del que cede?	O que distingue o investidor que resiste ao efeito manada do que cede?
sesgo.herding.fixation.2.option.0	sesgo	Escribir y documentar su análisis antes de conocer la posición del mercado o de otros inversores	Escrever e documentar sua análise antes de conhecer a posição do mercado ou de outros investidores
sesgo.herding.fixation.2.option.1	sesgo	Tener más experiencia en mercados y conocer más casos históricos de burbujas	Ter mais experiência em mercados e conhecer mais casos históricos de bolhas
sesgo.herding.fixation.2.option.2	sesgo	Invertir en activos menos seguidos por el mercado donde hay menos presión de grupo	Investir em ativos menos acompanhados pelo mercado, onde há menos pressão de grupo
sesgo.optimism-bias.name	sesgo	Sesgo de Optimismo	Viés de Otimismo
sesgo.optimism-bias.definition	sesgo	Creemos sistemáticamente que tenemos menos probabilidad de vivir eventos negativos y más de vivir positivos que el promedio estadístico.	Acreditamos sistematicamente que temos menos probabilidade de vivenciar eventos negativos e mais de vivenciar positivos do que a média estatística.
sesgo.optimism-bias.description	sesgo	El Sesgo de Optimismo es el "gemelo" del Exceso de Confianza. Juntos explican por qué los inversores asumen más riesgo del que deberían, los emprendedores subestiman el fracaso y los gestores prometen rendimientos imposibles. Nuestro ego necesita creer que el futuro será brillante y que somos excepcionales.	O Viés de Otimismo é o "gêmeo" do Excesso de Confiança. Juntos explicam por que investidores assumem mais risco do que deveriam, empreendedores subestimam o fracasso e gestores prometem rendimentos impossíveis. Nosso ego precisa acreditar que o futuro será brilhante e que somos excepcionais.
sesgo.optimism-bias.mechanism	sesgo	El Sistema 1 opera bajo WYSIATI: al planificar, se enfoca en el escenario ideal e ignora contingencias. La Falacia de Planificación (Kahneman) es su manifestación más clara: proyectos que siempre se entregan tarde y sobre presupuesto porque el plan asumió el mejor escenario.	O Sistema 1 opera sob WYSIATI: ao planejar, foca no cenário ideal e ignora contingências. A Falácia do Planejamento (Kahneman) é sua manifestação mais clara: projetos que sempre são entregues com atraso e acima do orçamento porque o plano assumiu o melhor cenário.
sesgo.optimism-bias.trapQuestion	sesgo	Inicias un proyecto importante. ¿Defines el presupuesto y tiempo incluyendo un 30% de margen para imprevistos, o propones el escenario más optimista para "demostrar rentabilidad"? — En frío, todos dicen que incluyen margen. En la práctica, casi nadie lo hace.	Você inicia um projeto importante. Você define o orçamento e o prazo incluindo uma margem de 30% para imprevistos, ou propõe o cenário mais otimista para "demonstrar rentabilidade"? — A frio, todos dizem que incluem margem. Na prática, quase ninguém faz isso.
sesgo.optimism-bias.example.0.label	sesgo	Falacia de planificación	Falácia do planejamento
sesgo.optimism-bias.example.0.text	sesgo	El 90% de los proyectos de construcción de infraestructura llegan tarde y sobre presupuesto. El optimismo de los planificadores es sistemático, no accidental.	90% dos projetos de construção de infraestrutura chegam com atraso e acima do orçamento. O otimismo dos planejadores é sistemático, não acidental.
sesgo.optimism-bias.example.1.label	sesgo	Emprendimiento	Empreendedorismo
sesgo.optimism-bias.example.1.text	sesgo	El 90% de los emprendedores cree estar en el 10% que sobrevivirá. Estadísticamente, el 90% de las startups fracasan en 5 años.	90% dos empreendedores acredita estar nos 10% que vão sobreviver. Estatisticamente, 90% das startups fracassam em 5 anos.
sesgo.optimism-bias.example.2.label	sesgo	Inversión	Investimento
sesgo.optimism-bias.example.2.text	sesgo	Los inversores individuales estiman retornos promedios de 15-20% anual para sus portafolios, cuando el mercado históricamente da 8-10%.	Investidores individuais estimam retornos médios de 15–20% ao ano para seus portfólios, quando o mercado historicamente entrega 8–10%.
sesgo.optimism-bias.antidote.0	sesgo	Outside View (Visión Externa): ¿cuál es la tasa base de éxito para proyectos similares al tuyo?	Outside View (Visão Externa): qual é a taxa base de sucesso para projetos semelhantes ao seu?
sesgo.optimism-bias.antidote.1	sesgo	Pre-mortem: imagina que tu plan falló — ¿cuáles fueron las 3 razones principales?	Pré-mortem: imagine que seu plano falhou — quais foram as 3 principais razões?
sesgo.optimism-bias.antidote.2	sesgo	Planifica con el escenario pesimista como base, no el optimista.	Planeje tendo o cenário pessimista como base, não o otimista.
sesgo.optimism-bias.antidote.3	sesgo	Comparte tus planes con alguien que no tenga stake emocional para que identifique los puntos ciegos.	Compartilhe seus planos com alguém que não tenha interesse emocional para identificar os pontos cegos.
sesgo.optimism-bias.question.0.situation	sesgo	Estás lanzando un negocio. ¿Cómo defines tu presupuesto y timeline inicial?	Você está lançando um negócio. Como você define o orçamento e o cronograma inicial?
sesgo.optimism-bias.question.0.option.0.text	sesgo	Propongo el escenario más rápido y barato — hay que mostrar rentabilidad atractiva	Proponho o cenário mais rápido e barato — é preciso mostrar rentabilidade atraente
sesgo.optimism-bias.question.0.option.0.reveal	sesgo	Sesgo de optimismo / Falacia de Planificación: el 90% de proyectos llegan tarde y sobre presupuesto por exactamente esta razón	Viés de Otimismo / Falácia do Planejamento: 90% dos projetos chegam com atraso e acima do orçamento exatamente por essa razão
sesgo.optimism-bias.question.0.option.1.text	sesgo	Añado 30-40% de tiempo y capital extra sobre mi estimación base	Adiciono 30–40% de tempo e capital extra sobre minha estimativa base
sesgo.optimism-bias.question.0.option.1.reveal	sesgo	Racional: la "Visión Externa" muestra que los proyectos siempre cuestan más y tardan más de lo planeado	Racional: a "Visão Externa" mostra que projetos sempre custam mais e demoram mais do que o planejado
sesgo.optimism-bias.question.1.situation	sesgo	¿Cuál crees que es la probabilidad de que tu próxima inversión te dé retornos por encima del mercado?	Qual você acha que é a probabilidade de que seu próximo investimento gere retornos acima do mercado?
sesgo.optimism-bias.question.1.option.0.text	sesgo	Alta (70%+) — tengo información y análisis que el mercado no incorporó	Alta (70%+) — tenho informações e análises que o mercado ainda não incorporou
sesgo.optimism-bias.question.1.option.0.reveal	sesgo	Sesgo de optimismo: los mercados son competitivos. La mayoría de inversores activos no supera al índice consistentemente	Viés de Otimismo: os mercados são competitivos. A maioria dos investidores ativos não supera o índice de forma consistente
sesgo.optimism-bias.question.1.option.1.text	sesgo	Modesta (50% o menos) — los mercados son eficientes y la superioridad consistente es rara	Modesta (50% ou menos) — os mercados são eficientes e a superioridade consistente é rara
sesgo.optimism-bias.question.1.option.1.reveal	sesgo	Racional: la humildad estadística es el punto de partida correcto. Superar al mercado es posible pero difícil	Racional: a humildade estatística é o ponto de partida correto. Superar o mercado é possível, mas difícil
sesgo.optimism-bias.question.2.situation	sesgo	Tu startup tiene 18 meses de capital. Planificas el próximo fundraising. ¿Cuánto tiempo antes empiezas?	Sua startup tem 18 meses de capital. Você está planejando a próxima captação. Com quanto tempo de antecedência começa?
sesgo.optimism-bias.question.2.option.0.text	sesgo	3-4 meses antes — con mis métricas no debería tardar tanto en cerrar	3 a 4 meses antes — com as minhas métricas, não deveria demorar tanto para fechar
sesgo.optimism-bias.question.2.option.0.reveal	sesgo	Sesgo de optimismo: fundraisings toman en promedio 6-9 meses. La mayoría de founders empieza tarde por exactamente esta razón	Viés de otimismo: captações levam em média 6 a 9 meses. A maioria dos founders começa tarde exatamente por essa razão
sesgo.optimism-bias.question.2.option.1.text	sesgo	9-12 meses antes — el proceso siempre tarda más de lo esperado	9 a 12 meses antes — o processo sempre demora mais do que o esperado
sesgo.optimism-bias.question.2.option.1.reveal	sesgo	Racional: planificar desde el escenario pesimista da margen para el mundo real	Racional: planejar a partir do cenário pessimista dá margem para o mundo real
sesgo.optimism-bias.fixation.0.question	sesgo	¿Qué es la Falacia de Planificación y quién la describió?	O que é a Falácia do Planejamento e quem a descreveu?
sesgo.optimism-bias.fixation.0.option.0	sesgo	La tendencia sistemática a subestimar el tiempo, costo y riesgos de proyectos futuros, descrita por Kahneman	A tendência sistemática de subestimar o tempo, o custo e os riscos de projetos futuros, descrita por Kahneman
sesgo.optimism-bias.fixation.0.option.1	sesgo	El error de planificar con escenarios pesimistas que nunca se materializan, descrito por Thaler	O erro de planejar com cenários pessimistas que nunca se materializam, descrito por Thaler
sesgo.optimism-bias.fixation.0.option.2	sesgo	La dificultad de hacer planes a largo plazo cuando el futuro es muy incierto, descrita por Ariely	A dificuldade de fazer planos de longo prazo quando o futuro é muito incerto, descrita por Ariely
sesgo.optimism-bias.fixation.1.question	sesgo	El 90% de los conductores cree que maneja mejor que el promedio. ¿Qué ilustra esto?	90% dos motoristas acredita dirigir melhor do que a média. O que isso ilustra?
sesgo.optimism-bias.fixation.1.option.0	sesgo	Que sistemáticamente nos ubicamos por encima del promedio en habilidades, lo cual es estadísticamente imposible para la mayoría	Que sistematicamente nos colocamos acima da média em habilidades, o que é estatisticamente impossível para a maioria
sesgo.optimism-bias.fixation.1.option.1	sesgo	Que las personas mienten sobre sus habilidades para parecer mejores ante los demás	Que as pessoas mentem sobre suas habilidades para parecer melhores diante dos outros
sesgo.optimism-bias.fixation.1.option.2	sesgo	Que el optimismo es una estrategia racional para mantener la motivación	Que o otimismo é uma estratégia racional para manter a motivação
sesgo.optimism-bias.fixation.2.question	sesgo	¿Qué es el "outside view" (visión externa) y por qué combate el sesgo de optimismo?	O que é o "outside view" (visão externa) e por que combate o viés de otimismo?
sesgo.optimism-bias.fixation.2.option.0	sesgo	Preguntar cuál es la tasa base de éxito para proyectos similares al tuyo, en lugar de enfocarte solo en tu caso particular	Perguntar qual é a taxa base de sucesso para projetos semelhantes ao seu, em vez de se concentrar apenas no seu caso particular
sesgo.optimism-bias.fixation.2.option.1	sesgo	Pedir la opinión de personas externas a tu equipo antes de tomar una decisión importante	Pedir a opinião de pessoas externas à sua equipe antes de tomar uma decisão importante
sesgo.optimism-bias.fixation.2.option.2	sesgo	Analizar los datos históricos del mercado en lugar de proyecciones futuras	Analisar dados históricos do mercado em vez de projeções futuras
sesgo.authority-bias.name	sesgo	Sesgo de Autoridad	Viés de Autoridade
sesgo.authority-bias.definition	sesgo	Damos demasiado peso a la opinión de figuras que percibimos como expertos, sin cuestionar si realmente lo son.	Damos peso excessivo à opinião de figuras que percebemos como especialistas, sem questionar se realmente o são.
sesgo.authority-bias.description	sesgo	El Sesgo de Autoridad (Cialdini) es uno de sus seis Principios de Influencia: estamos programados para obedecer a figuras de autoridad como atajo cognitivo. En finanzas, esto nos hace abandonar nuestro análisis ante cualquier figura con credenciales, título o confianza aparente.	O Viés de Autoridade (Cialdini) é um dos seus seis Princípios de Influência: somos programados para obedecer a figuras de autoridade como atalho cognitivo. Em finanças, isso nos faz abandonar nossa própria análise diante de qualquer figura com credenciais, título ou aparente confiança.
sesgo.authority-bias.mechanism	sesgo	El cerebro está biológicamente diseñado para usar la autoridad como señal de fiabilidad — evolutivamente ahorró energía y tiempo. El Sistema 1 convierte credenciales (título, ropa, confianza) en permiso para no pensar. El problema: las credenciales no siempre predicen competencia, y los expertos tienen conflictos de interés.	O cérebro é biologicamente projetado para usar a autoridade como sinal de confiabilidade — evolutivamente, isso economizou energia e tempo. O Sistema 1 converte credenciais (título, roupa, confiança) em permissão para não pensar. O problema: credenciais nem sempre predizem competência, e especialistas têm conflitos de interesse.
sesgo.authority-bias.trapQuestion	sesgo	Un célebre Nobel de Economía publica un modelo de inversión innovador. ¿Qué haces? A) Revisar el modelo con cautela buscando vulnerabilidades. B) Adoptarlo — su nivel garantiza resultados. — LTCM tenía dos Nobeles y quebró espectacularmente.	Um célebre Nobel de Economia publica um modelo de investimento inovador. O que você faz? A) Revisar o modelo com cautela buscando vulnerabilidades. B) Adotá-lo — o nível dele garante resultados. — O LTCM tinha dois Nobel na equipe e quebrou espetacularmente.
sesgo.authority-bias.example.0.label	sesgo	Finanzas	Finanças
sesgo.authority-bias.example.0.text	sesgo	Madoff manejó el mayor fraude financiero de la historia ($65B) durante décadas. Los inversores nunca auditaron sus estrategias porque su autoridad como ex-presidente del NASDAQ era suficiente señal.	Madoff conduziu a maior fraude financeira da história (US$ 65 bilhões) durante décadas. Os investidores nunca auditaram suas estratégias porque sua autoridade como ex-presidente do NASDAQ era sinal suficiente.
sesgo.authority-bias.example.1.label	sesgo	Inversión	Investimento
sesgo.authority-bias.example.1.text	sesgo	Un Nobel de Economía publica un modelo. Los fondos lo adoptan sin cuestionar sus supuestos. LTCM quebró con dos nobeles en el equipo.	Um Nobel de Economia publica um modelo. Os fundos o adotam sem questionar seus pressupostos. O LTCM quebrou com dois Nobel na equipe.
sesgo.authority-bias.example.2.label	sesgo	Redes sociales	Redes sociais
sesgo.authority-bias.example.2.text	sesgo	Influencers financieros con millones de seguidores mueven mercados. La audiencia asume que quien tiene muchos seguidores sabe más.	Influencers financeiros com milhões de seguidores movem mercados. O público assume que quem tem muitos seguidores sabe mais.
sesgo.authority-bias.antidote.0	sesgo	Separa las credenciales del argumento: ¿el argumento se sostiene por sí solo, sin importar quién lo dice?	Separe as credenciais do argumento: o argumento se sustenta por si só, independente de quem o diz?
sesgo.authority-bias.antidote.1	sesgo	Pregunta siempre: ¿qué incentivos tiene esta persona para darme este consejo?	Pergunte sempre: quais incentivos essa pessoa tem para me dar esse conselho?
sesgo.authority-bias.antidote.2	sesgo	Busca la opinión de expertos en el otro lado — si solo escuchas un lado, estás bajo el sesgo.	Busque a opinião de especialistas do lado oposto — se você só ouve um lado, está sob o viés.
sesgo.authority-bias.antidote.3	sesgo	La prueba del historial auditado: ¿cuál es el track record real de esta persona en situaciones similares?	O teste do histórico auditado: qual é o track record real dessa pessoa em situações similares?
sesgo.authority-bias.question.0.situation	sesgo	Un famoso gestor de fondos con 30 años de experiencia recomienda una acción en televisión. ¿Qué haces?	Um famoso gestor de fundos com 30 anos de experiência recomenda uma ação na televisão. O que você faz?
sesgo.authority-bias.question.0.option.0.text	sesgo	Si él lo dice con tanto conviction, debe saber algo — compro	Se ele diz com tanta convicção, deve saber algo — compro
sesgo.authority-bias.question.0.option.0.reveal	sesgo	Sesgo de autoridad: los expertos también se equivocan. ¿Tiene posición en esa acción? ¿Cuál es su track record reciente?	Viés de autoridade: especialistas também erram. Ele tem posição nessa ação? Qual é seu track record recente?
sesgo.authority-bias.question.0.option.1.text	sesgo	Uso su tesis como punto de partida para mi propio análisis, no como conclusión	Uso a tese dele como ponto de partida para minha própria análise, não como conclusão
sesgo.authority-bias.question.0.option.1.reveal	sesgo	Racional: la autoridad puede señalar ideas interesantes, pero no reemplaza el análisis propio	Racional: a autoridade pode apontar ideias interessantes, mas não substitui a análise própria
sesgo.authority-bias.question.1.situation	sesgo	Tu asesor bancario — corbata, oficina lujosa, MBA — te recomienda un fondo de inversión con comisiones del 2.5% anual. ¿Qué haces?	Seu assessor bancário — gravata, escritório luxuoso, MBA — recomenda um fundo de investimento com taxas de 2,5% ao ano. O que você faz?
sesgo.authority-bias.question.1.option.0.text	sesgo	Si me lo recomienda el banco, debe ser bueno — contrato	Se o banco recomenda, deve ser bom — contrato
sesgo.authority-bias.question.1.option.0.reveal	sesgo	Sesgo de autoridad: los asesores bancarios tienen incentivos para recomendar productos del banco. El 2.5% es altísimo	Viés de autoridade: assessores bancários têm incentivos para recomendar produtos do banco. 2,5% é muito alto
sesgo.authority-bias.question.1.option.1.text	sesgo	Pregunto qué comisión recibe por recomendarlo, comparo con ETFs y decido con información	Pergunto qual comissão ele recebe por indicar, comparo com ETFs e decido com informação
sesgo.authority-bias.question.1.option.1.reveal	sesgo	Racional: en finanzas, los incentivos del asesor frecuentemente divergen de tu interés	Racional: em finanças, os incentivos do assessor frequentemente divergem do seu interesse
sesgo.authority-bias.question.2.situation	sesgo	Un influencer con 3M de seguidores, que parece muy exitoso, recomienda "la criptomoneda del momento". ¿Qué haces?	Um influencer com 3M de seguidores, que parece muito bem-sucedido, recomenda "a criptomoeda do momento". O que você faz?
sesgo.authority-bias.question.2.option.0.text	sesgo	Si 3M de personas lo siguen, algo sabe — al menos meto un poco	Se 3M de pessoas o seguem, algo ele sabe — pelo menos coloco um pouco
sesgo.authority-bias.question.2.option.0.reveal	sesgo	Sesgo de autoridad + herding: los seguidores son prueba social, no de competencia. Muchos influencers fueron pagados para promover	Viés de autoridade + efeito manada: seguidores são prova social, não de competência. Muitos influencers foram pagos para promover
sesgo.authority-bias.question.2.option.1.text	sesgo	Investigo si tiene posición en ese activo, cuál es su historial real y los fundamentos del proyecto	Pesquiso se ele tem posição nesse ativo, qual é seu histórico real e os fundamentos do projeto
sesgo.authority-bias.question.2.option.1.reveal	sesgo	Racional: los incentivos y el historial son lo que importa, no los seguidores ni la apariencia de éxito	Racional: incentivos e histórico são o que importa, não os seguidores nem a aparência de sucesso
sesgo.authority-bias.fixation.0.question	sesgo	¿Qué es la negligencia de la tasa base en el sesgo de representatividad?	O que é a negligência da taxa base no viés de representatividade?
sesgo.authority-bias.fixation.0.option.0	sesgo	Ignorar la probabilidad estadística real de que algo ocurra porque un caso concreto parece muy representativo	Ignorar a probabilidade estatística real de que algo ocorra porque um caso concreto parece muito representativo
sesgo.authority-bias.fixation.0.option.1	sesgo	No considerar los costos base al calcular el retorno de una inversión	Não considerar as taxas base ao calcular o retorno de um investimento
sesgo.authority-bias.fixation.0.option.2	sesgo	Subestimar la importancia de las tasas de interés en decisiones financieras	Subestimar a importância das taxas de juros em decisões financeiras
sesgo.authority-bias.fixation.1.question	sesgo	Una startup tiene un fundador joven con hoodie y oficina en Silicon Valley. La describes como "la próxima Apple". ¿Qué sesgo opera?	Uma startup tem um fundador jovem de moletom e escritório no Vale do Silício. Você a descreve como "a próxima Apple". Qual viés está operando?
sesgo.authority-bias.fixation.1.option.0	sesgo	Representatividad: el parecido superficial con el estereotipo de empresa exitosa sustituye el análisis real	Representatividade: a semelhança superficial com o estereótipo de empresa bem-sucedida substitui a análise real
sesgo.authority-bias.fixation.1.option.1	sesgo	Efecto halo: los atributos positivos del fundador se transfieren a la empresa	Efeito halo: os atributos positivos do fundador se transferem para a empresa
sesgo.authority-bias.fixation.1.option.2	sesgo	Sesgo de disponibilidad: recuerdas fácilmente casos de startups exitosas similares	Viés de disponibilidade: você se lembra facilmente de casos de startups bem-sucedidas semelhantes
sesgo.authority-bias.fixation.2.question	sesgo	¿Qué hace el cerebro cuando aplica el sesgo de representatividad?	O que o cérebro faz quando aplica o viés de representatividade?
sesgo.authority-bias.fixation.2.option.0	sesgo	Clasifica algo nuevo según su parecido con un estereotipo, ignorando la probabilidad estadística real	Classifica algo novo pela semelhança com um estereótipo, ignorando a probabilidade estatística real
sesgo.authority-bias.fixation.2.option.1	sesgo	Representa mentalmente los escenarios futuros para tomar mejores decisiones	Representa mentalmente os cenários futuros para tomar melhores decisões
sesgo.authority-bias.fixation.2.option.2	sesgo	Usa la experiencia pasada de forma sistemática y precisa para evaluar situaciones nuevas	Usa a experiência passada de forma sistemática e precisa para avaliar situações novas
sesgo.regret-aversion.name	sesgo	Aversión al Arrepentimiento	Aversão ao Arrependimento
sesgo.regret-aversion.definition	sesgo	Evitamos tomar decisiones por miedo a que el resultado sea malo y nos haga sentir responsables de la pérdida.	Evitamos tomar decisões por medo de que o resultado seja ruim e nos faça sentir responsáveis pela perda.
sesgo.regret-aversion.description	sesgo	La Aversión al Arrepentimiento es distinta de la Aversión al Riesgo clásica: no es miedo a perder dinero, es miedo a sentirte responsable de haberlo perdido. Esto lleva a dos comportamientos opuestos: parálisis (no hacer nada para no equivocarse activamente) y comportamiento de manada (si todos se equivocan, no es tu culpa).	A Aversão ao Arrependimento é diferente da Aversão ao Risco clássica: não é medo de perder dinheiro, é medo de se sentir responsável por tê-lo perdido. Isso leva a dois comportamentos opostos: paralisia (não fazer nada para não errar ativamente) e comportamento de manada (se todos erram, a culpa não é só sua).
sesgo.regret-aversion.mechanism	sesgo	Kahneman explica que el arrepentimiento es una emoción contrafactual: el cerebro simula la realidad alternativa ("si tan solo hubiera…"). El dolor es más intenso cuando la pérdida resulta de una acción que tomamos que de una omisión. Esto crea una asimetría que paraliza la toma de decisiones.	Kahneman explica que o arrependimento é uma emoção contrafactual: o cérebro simula a realidade alternativa ("se ao menos eu tivesse…"). A dor é mais intensa quando a perda resulta de uma ação que tomamos do que de uma omissão. Isso cria uma assimetria que paralisa a tomada de decisão.
sesgo.regret-aversion.trapQuestion	sesgo	Fondo A perdió 10% manteniendo su estrategia estándar. Fondo B perdió 10% tras intentar una nueva estrategia. ¿A cuál gestor despides? — La mayoría despide al de B, aunque el resultado es idéntico. Castigamos más el error por acción que por omisión.	O Fundo A perdeu 10% mantendo sua estratégia padrão. O Fundo B perdeu 10% após tentar uma nova estratégia. Qual gestor você demite? — A maioria demite o de B, mesmo que o resultado seja idêntico. Punimos mais o erro por ação do que por omissão.
sesgo.regret-aversion.example.0.label	sesgo	Efecto disposición	Efeito disposição
sesgo.regret-aversion.example.0.text	sesgo	Un inversor mantiene una acción perdedora durante años porque venderla "haría real" la pérdida y tendría que admitir que se equivocó. Vende las ganadoras para asegurar ganancias antes de que "se vayan".	Um investidor mantém uma ação perdedora por anos porque vendê-la "tornaria real" a perda e teria de admitir que errou. Vende as ganhadoras para garantir os ganhos antes que "se vão".
sesgo.regret-aversion.example.1.label	sesgo	Manada	Manada
sesgo.regret-aversion.example.1.text	sesgo	Un gestor invierte en lo mismo que todos sus colegas. Si pierde, "todos perdimos" — el arrepentimiento se diluye. Si hubiera tomado una posición contraria y perdido, habría sido culpa exclusivamente suya.	Um gestor investe no mesmo que todos os seus colegas. Se perder, "todos perdemos" — o arrependimento se dilui. Se tivesse tomado uma posição contrária e perdido, a culpa seria exclusivamente dele.
sesgo.regret-aversion.example.2.label	sesgo	Inacción	Inação
sesgo.regret-aversion.example.2.text	sesgo	Una persona con dinero en efectivo por un año que "espera el momento correcto" para invertir. El miedo al arrepentimiento de entrar en el momento equivocado supera el costo de oportunidad de no estar invertido.	Uma pessoa com dinheiro em caixa por um ano que "aguarda o momento certo" para investir. O medo do arrependimento de entrar na hora errada supera o custo de oportunidade de ficar fora do mercado.
sesgo.regret-aversion.antidote.0	sesgo	Distinguir proceso de resultado: ¿fue una buena decisión dado lo que sabías, aunque el resultado fuera malo?	Distinga processo de resultado: foi uma boa decisão dado o que você sabia, mesmo que o resultado tenha sido ruim?
sesgo.regret-aversion.antidote.1	sesgo	Re-enmarcar el inmovilismo: no decidir también es una decisión — y también puede generar arrepentimiento.	Reencadre o imobilismo: não decidir também é uma decisão — e também pode gerar arrependimento.
sesgo.regret-aversion.antidote.2	sesgo	Regla del "10-10-10" (Suzy Welch): ¿cómo te sentirás sobre esta decisión en 10 minutos, 10 meses, 10 años?	Regra do "10-10-10" (Suzy Welch): como você vai se sentir sobre essa decisão em 10 minutos, 10 meses e 10 anos?
sesgo.regret-aversion.antidote.3	sesgo	Portafolio de "arrepentimiento mínimo": diseña tu estrategia para que puedas vivir con el peor escenario posible.	Portfólio de "arrependimento mínimo": desenhe sua estratégia para que você consiga conviver com o pior cenário possível.
sesgo.regret-aversion.question.0.situation	sesgo	Fondo A perdió -10% manteniendo su estrategia conservadora de siempre. Fondo B perdió -10% tras cambiar a una estrategia nueva. ¿A quién despides?	O Fundo A perdeu -10% mantendo sua estratégia conservadora de sempre. O Fundo B perdeu -10% após mudar para uma nova estratégia. Quem você demite?
sesgo.regret-aversion.question.0.option.0.text	sesgo	Al gestor de Fondo B — intentó algo nuevo y falló	Ao gestor do Fundo B — tentou algo novo e falhou
sesgo.regret-aversion.question.0.option.0.reveal	sesgo	Sesgo de omisión: castigamos más los errores por acción que por inacción, aunque el resultado sea idéntico	Viés de omissão: punimos mais os erros por ação do que por inação, mesmo que o resultado seja idêntico
sesgo.regret-aversion.question.0.option.1.text	sesgo	A ninguno / Son equivalentes — el resultado fue el mismo	A nenhum / São equivalentes — o resultado foi o mesmo
sesgo.regret-aversion.question.0.option.1.reveal	sesgo	Racional: el resultado fue idéntico. Si Fondo B habría ganado con la nueva estrategia, habrías felicitado al gestor por la misma decisión	Racional: o resultado foi idêntico. Se o Fundo B tivesse ganho com a nova estratégia, você teria parabenizado o gestor pela mesma decisão
sesgo.regret-aversion.question.1.situation	sesgo	Tienes $500,000 en efectivo esperando "el momento correcto" para invertir. Llevas 14 meses esperando. ¿Qué haces?	Você tem R$ 150.000 em caixa esperando "o momento certo" para investir. Já faz 14 meses que você espera. O que você faz?
sesgo.regret-aversion.question.1.option.0.text	sesgo	Sigo esperando — si entro y el mercado cae, me voy a arrepentir de no haber esperado	Continuo esperando — se eu entrar e o mercado cair, vou me arrepender de não ter esperado
sesgo.regret-aversion.question.1.option.0.reveal	sesgo	Aversión al arrepentimiento por acción: pero ¿cuánto costó de oportunidad ese año y medio en efectivo?	Aversão ao arrependimento por ação: mas quanto custou de oportunidade esse um ano e meio em caixa?
sesgo.regret-aversion.question.1.option.1.text	sesgo	Entro de forma escalonada — el costo de oportunidad de esperar también genera arrepentimiento	Entro de forma escalonada — o custo de oportunidade de esperar também gera arrependimento
sesgo.regret-aversion.question.1.option.1.reveal	sesgo	Racional: la inacción también genera arrepentimiento futuro. El dollar-cost averaging reduce el dolor de "entrar en el tope"	Racional: a inação também gera arrependimento futuro. O dollar-cost averaging reduz a dor de "entrar no topo"
sesgo.regret-aversion.question.2.situation	sesgo	Necesitas liquidar una posición urgentemente. Tienes: Acción A (+20%) y Acción B (-25%). Ambas con igual potencial a futuro. ¿Cuál vendes?	Você precisa liquidar uma posição com urgência. Tem: Ação A (+20%) e Ação B (-25%). Ambas com igual potencial futuro. Qual você vende?
sesgo.regret-aversion.question.2.option.0.text	sesgo	Vendo la A (+20%) — aseguro la ganancia y no "hago real" la pérdida en B	Vendo a A (+20%) — garanto o ganho e não "torno real" a perda em B
sesgo.regret-aversion.question.2.option.0.reveal	sesgo	Efecto disposición / Aversión al arrepentimiento: vender la ganadora y mantener la perdedora es el sesgo clásico de Shefrin & Statman	Efeito disposição / Aversão ao arrependimento: vender a ganhadora e manter a perdedora é o viés clássico de Shefrin & Statman
sesgo.regret-aversion.question.2.option.1.text	sesgo	Evalúo cuál tiene mejor perspectiva a futuro y vendo la que menos me convence	Avalio qual tem melhor perspectiva futura e vendo a que me convence menos
sesgo.regret-aversion.question.2.option.1.reveal	sesgo	Racional: el precio de entrada es irrelevante para la decisión de hoy. Solo importa el potencial futuro	Racional: o preço de entrada é irrelevante para a decisão de hoje. Só importa o potencial futuro
sesgo.regret-aversion.fixation.0.question	sesgo	¿Cuál es la diferencia entre un error de comisión y uno de omisión en la aversión al arrepentimiento?	Qual é a diferença entre um erro de comissão e um de omissão na aversão ao arrependimento?
sesgo.regret-aversion.fixation.0.option.0	sesgo	El error de comisión es actuar y que salga mal; el de omisión es no actuar y perder una oportunidad — el primero duele más	O erro de comissão é agir e dar errado; o de omissão é não agir e perder uma oportunidade — o primeiro dói mais
sesgo.regret-aversion.fixation.0.option.1	sesgo	El error de comisión es no hacer nada; el de omisión es actuar sin suficiente información	O erro de comissão é não fazer nada; o de omissão é agir sem informação suficiente
sesgo.regret-aversion.fixation.0.option.2	sesgo	Ambos generan el mismo nivel de arrepentimiento según las investigaciones de Kahneman	Ambos geram o mesmo nível de arrependimento segundo as pesquisas de Kahneman
sesgo.regret-aversion.fixation.1.question	sesgo	Un inversor no vende una posición perdedora porque "si vendo y sube, no me lo voy a perdonar". ¿Qué sesgo explica la parálisis?	Um investidor não vende uma posição perdedora porque "se eu vender e subir, não vou me perdoar". Que viés explica a paralisia?
sesgo.regret-aversion.fixation.1.option.0	sesgo	Aversión al arrepentimiento: el miedo al arrepentimiento futuro pesa más que el análisis racional presente	Aversão ao arrependimento: o medo do arrependimento futuro pesa mais do que a análise racional presente
sesgo.regret-aversion.fixation.1.option.1	sesgo	Efecto dotación: sobrevalora la posición porque ya la posee	Efeito dotação: supervaloriza a posição por já possuí-la
sesgo.regret-aversion.fixation.1.option.2	sesgo	Sesgo de status quo: prefiere no tomar decisiones activas	Viés de status quo: prefere não tomar decisões ativas
sesgo.regret-aversion.fixation.2.question	sesgo	¿Cómo el comportamiento de manada puede ser una forma de gestionar el arrepentimiento?	Como o comportamento de manada pode ser uma forma de gerenciar o arrependimento?
sesgo.regret-aversion.fixation.2.option.0	sesgo	Si perdemos dinero siguiendo a todos, el arrepentimiento es menor porque todos perdieron — equivocarse solo duele más	Se perdemos dinheiro seguindo a todos, o arrependimento é menor porque todos perderam — errar sozinho dói mais
sesgo.regret-aversion.fixation.2.option.1	sesgo	Seguir a la manada reduce el arrepentimiento porque la decisión colectiva siempre es más precisa	Seguir a manada reduz o arrependimento porque a decisão coletiva é sempre mais precisa
sesgo.regret-aversion.fixation.2.option.2	sesgo	El comportamiento de manada elimina el arrepentimiento porque distribuye la responsabilidad legalmente	O comportamento de manada elimina o arrependimento porque distribui a responsabilidade legalmente
sesgo.escalation-commitment.name	sesgo	Escalada de Compromiso	Escalada de Compromisso
sesgo.escalation-commitment.definition	sesgo	Continuamos invirtiendo en un proyecto o posición porque ya invertimos en él, no porque tenga potencial futuro.	Continuamos investindo em um projeto ou posição porque já investimos nele, não porque tenha potencial futuro.
sesgo.escalation-commitment.description	sesgo	La Falacia del Costo Hundido es una combinación de Error Cognitivo (Contabilidad Mental, Encuadre Estrecho) y Sesgo Emocional (Aversión a la Pérdida, Aversión al Arrepentimiento). Es el sesgo que mantiene proyectos fallidos vivos, carteras llenas de posiciones perdedoras y personas en relaciones que ya no funcionan.	A Falácia do Custo Afundado é uma combinação de Erro Cognitivo (Contabilidade Mental, Enquadramento Restrito) e Viés Emocional (Aversão à Perda, Aversão ao Arrependimento). É o viés que mantém projetos fracassados vivos, carteiras cheias de posições perdedoras e pessoas em relacionamentos que já não funcionam.
sesgo.escalation-commitment.mechanism	sesgo	Kahneman explica que nos negamos a "cerrar la cuenta mental" con saldo negativo. La aversión a la pérdida hace que invertir más parezca la única manera de "recuperar". La responsabilidad personal amplifica el efecto: cuanto más fuimos los creadores de la decisión original, más difícil es abandonarla.	Kahneman explica que nos recusamos a "fechar a conta mental" com saldo negativo. A aversão à perda faz com que investir mais pareça a única forma de "recuperar". A responsabilidade pessoal amplifica o efeito: quanto mais fomos os criadores da decisão original, mais difícil é abandoná-la.
sesgo.escalation-commitment.trapQuestion	sesgo	Eres consultor externo. Un cliente lleva años financiando un proyecto que ya no tiene demanda. ¿Qué recomiendas? — En frío, el 90% dice "cancelar". Pero cuando es TU proyecto, con TU dinero, la respuesta cambia.	Você é consultor externo. Um cliente leva anos financiando um projeto que já não tem demanda. O que você recomenda? — No frio, 90% diz "cancelar". Mas quando é o SEU projeto, com o SEU dinheiro, a resposta muda.
sesgo.escalation-commitment.example.0.label	sesgo	Empresarial (Concorde)	Empresarial (Concorde)
sesgo.escalation-commitment.example.0.text	sesgo	Los gobiernos de Francia y Reino Unido siguieron financiando el Concorde durante años después de saber que era económicamente inviable. No podían admitir el error.	Os governos da França e do Reino Unido continuaram financiando o Concorde por anos após saberem que era economicamente inviável. Não conseguiam admitir o erro.
sesgo.escalation-commitment.example.1.label	sesgo	Inversión	Investimento
sesgo.escalation-commitment.example.1.text	sesgo	Una acción que compraste a $100 está en $30. La sigues manteniendo y comprando más, no porque creas en la empresa, sino porque "no puedes vender a ese precio".	Uma ação que você comprou a R$ 100 está valendo R$ 30. Você continua mantendo e comprando mais, não porque acredite na empresa, mas porque "não consegue vender a esse preço".
sesgo.escalation-commitment.example.2.label	sesgo	Personal	Pessoal
sesgo.escalation-commitment.example.2.text	sesgo	Llevas 2 años en un posgrado que no te gusta y no es relevante para tu carrera. Sigues porque "ya invertí mucho tiempo y dinero".	Você está há 2 anos em uma pós-graduação que não gosta e não é relevante para sua carreira. Continua porque "já investi muito tempo e dinheiro".
sesgo.escalation-commitment.antidote.0	sesgo	Test del Nuevo CEO: "¿Si yo llegara hoy sin historia con este proyecto, continuaría o lo cancelaría?"	Teste do Novo CEO: "Se eu chegasse hoje sem histórico com este projeto, continuaria ou cancelaria?"
sesgo.escalation-commitment.antidote.1	sesgo	Reformular la pregunta: "¿Cuánto invertiría HOY en esto si empezara de cero?"	Reformular a pergunta: "Quanto eu investiria HOJE nisso se estivesse começando do zero?"
sesgo.escalation-commitment.antidote.2	sesgo	Stop-loss predefinidos: antes de invertir, define cuándo y bajo qué condiciones saldrías.	Stop-loss predefinidos: antes de investir, defina quando e em quais condições você sairia.
sesgo.escalation-commitment.antidote.3	sesgo	Re-etiquetar el fracaso: la pérdida ya ocurrió — la pregunta es solo qué hacer hacia adelante.	Reinterpretar o fracasso: a perda já aconteceu — a pergunta é apenas o que fazer daqui para frente.
sesgo.escalation-commitment.question.0.situation	sesgo	Compraste acciones de una empresa a $100. Hoy valen $40. Llevas 8 meses esperando que se recupere. ¿Qué preguntas te haces?	Você comprou ações de uma empresa a R$ 100. Hoje valem R$ 40. Há 8 meses aguardando a recuperação. Que perguntas você se faz?
sesgo.escalation-commitment.question.0.option.0.text	sesgo	¿Cómo puedo recuperar los $60 que perdí?	Como posso recuperar os R$ 60 que perdi?
sesgo.escalation-commitment.question.0.option.0.reveal	sesgo	Escalada de compromiso: los $60 ya se perdieron. La pregunta correcta es sobre el futuro, no el pasado	Escalada de compromisso: os R$ 60 já se perderam. A pergunta correta é sobre o futuro, não o passado
sesgo.escalation-commitment.question.0.option.1.text	sesgo	¿Si tuviera $40 en efectivo hoy, compraría esta acción a $40?	Se eu tivesse R$ 40 em dinheiro hoje, compraria essa ação a R$ 40?
sesgo.escalation-commitment.question.0.option.1.reveal	sesgo	Racional: este es el Test del Nuevo CEO — la decisión debe basarse en el futuro, no en recuperar el pasado	Racional: este é o Teste do Novo CEO — a decisão deve se basear no futuro, não em recuperar o passado
sesgo.escalation-commitment.question.1.situation	sesgo	Tu startup lleva 18 meses sin tracción. Ya gastaste $800K. Los clientes no adoptan el producto. Tienes $200K en caja. ¿Qué haces?	Sua startup está há 18 meses sem tração. Você já gastou R$ 250 mil. Os clientes não adotam o produto. Você tem R$ 60 mil no caixa. O que você faz?
sesgo.escalation-commitment.question.1.option.0.text	sesgo	Inyecto los $200K restantes — no puedo darme por vencido después de tanto sacrificio	Injeto os R$ 60 mil restantes — não posso desistir depois de tanto sacrifício
sesgo.escalation-commitment.question.1.option.0.reveal	sesgo	Escalada de compromiso: los $800K ya no se pueden recuperar. La pregunta es si los $200K tienen mejor retorno en este proyecto o en otro	Escalada de compromisso: os R$ 250 mil já não podem ser recuperados. A pergunta é se os R$ 60 mil têm melhor retorno neste projeto ou em outro
sesgo.escalation-commitment.question.1.option.1.text	sesgo	Evalúo si hay evidencia nueva que justifique continuar, o si es momento de un pivot o cierre	Avalio se há evidências novas que justifiquem continuar, ou se é hora de um pivot ou encerramento
sesgo.escalation-commitment.question.1.option.1.reveal	sesgo	Racional: la decisión se hace con los datos actuales, no con el peso emocional del pasado	Racional: a decisão é tomada com os dados atuais, não com o peso emocional do passado
sesgo.escalation-commitment.question.2.situation	sesgo	Llevas 3 años en un proyecto laboral que te tiene infeliz. Tu lógica para quedarte es "ya invertí mucho aquí". ¿Es un buen argumento?	Você está há 3 anos em um projeto profissional que te deixa infeliz. Sua lógica para ficar é "já investi muito aqui". É um bom argumento?
sesgo.escalation-commitment.question.2.option.0.text	sesgo	Sí — es válido considerar todo lo que construí antes de renunciar	Sim — é válido considerar tudo o que construí antes de pedir demissão
sesgo.escalation-commitment.question.2.option.0.reveal	sesgo	Escalada de compromiso: lo que ya invertiste no cambia lo que ganarás o perderás hacia adelante. La decisión se hace desde hoy	Escalada de compromisso: o que você já investiu não muda o que você vai ganhar ou perder daqui para frente. A decisão parte de hoje
sesgo.escalation-commitment.question.2.option.1.text	sesgo	No — lo que ya invertí no recuperaré. La pregunta es qué quiero construir a partir de hoy	Não — o que já investi não vou recuperar. A pergunta é o que quero construir a partir de hoje
sesgo.escalation-commitment.question.2.option.1.reveal	sesgo	Racional: el tiempo pasado no se puede recuperar. Solo el tiempo futuro está en juego	Racional: o tempo passado não pode ser recuperado. Só o tempo futuro está em jogo
sesgo.escalation-commitment.fixation.0.question	sesgo	¿Qué distingue la escalada de compromiso de simplemente ser perseverante?	O que distingue a escalada de compromisso de simplesmente ser perseverante?
sesgo.escalation-commitment.fixation.0.option.0	sesgo	La escalada ignora nueva evidencia negativa y continúa por lo ya invertido; la perseverancia responde a fundamentos reales	A escalada ignora evidências negativas novas e continua pelo que já foi investido; a perseverança responde a fundamentos reais
sesgo.escalation-commitment.fixation.0.option.1	sesgo	La escalada solo ocurre en grandes inversiones; la perseverancia aplica a decisiones cotidianas	A escalada só ocorre em grandes investimentos; a perseverança se aplica a decisões cotidianas
sesgo.escalation-commitment.fixation.0.option.2	sesgo	La perseverancia es siempre racional; la escalada siempre es irracional sin excepción	A perseverança é sempre racional; a escalada é sempre irracional sem exceção
sesgo.escalation-commitment.fixation.1.question	sesgo	Un CEO lleva 3 años defendiendo una división que pierde dinero. Los datos empeoran cada trimestre. ¿Qué sesgos combinados explican su comportamiento?	Um CEO leva 3 anos defendendo uma divisão que dá prejuízo. Os dados pioram a cada trimestre. Quais vieses combinados explicam seu comportamento?
sesgo.escalation-commitment.fixation.1.option.0	sesgo	Escalada de compromiso + aversión a la pérdida + ilusión de control: no puede admitir el fracaso y cree que puede revertirlo	Escalada de compromisso + aversão à perda + ilusão de controle: não consegue admitir o fracasso e acredita que pode revertê-lo
sesgo.escalation-commitment.fixation.1.option.1	sesgo	Exceso de confianza + efecto manada: confía en que el mercado eventualmente validará su estrategia	Excesso de confiança + efeito manada: confia que o mercado eventualmente validará sua estratégia
sesgo.escalation-commitment.fixation.1.option.2	sesgo	Sesgo de confirmación + representatividad: interpreta los datos negativos como casos excepcionales	Viés de confirmação + representatividade: interpreta os dados negativos como casos excepcionais
sesgo.escalation-commitment.fixation.2.question	sesgo	¿Qué es la "táctica del nuevo CEO" como antídoto a la escalada?	O que é a "tática do novo CEO" como antídoto à escalada?
sesgo.escalation-commitment.fixation.2.option.0	sesgo	Preguntarse: "Si llegara hoy sin historia en este proyecto, ¿tomaría esta misma decisión?" — juzgar sin equipaje emocional	Perguntar-se: "Se eu chegasse hoje sem histórico neste projeto, tomaria essa mesma decisão?" — julgar sem bagagem emocional
sesgo.escalation-commitment.fixation.2.option.1	sesgo	Contratar un consultor externo que no tenga vínculos con el proyecto para que evalúe objetivamente	Contratar um consultor externo que não tenha vínculos com o projeto para avaliá-lo objetivamente
sesgo.escalation-commitment.fixation.2.option.2	sesgo	Establecer desde el inicio criterios claros de éxito y fracaso que no puedan modificarse después	Estabelecer desde o início critérios claros de sucesso e fracasso que não possam ser modificados depois
sesgo.anclaje.name	sesgo	Anclaje y Ajuste	Ancoragem e Ajuste
sesgo.anclaje.definition	sesgo	Dependemos excesivamente de un valor inicial (el "ancla") para hacer estimaciones, ajustando insuficientemente desde ese punto.	Dependemos excessivamente de um valor inicial (a "âncora") para fazer estimativas, ajustando de forma insuficiente a partir desse ponto.
sesgo.anclaje.description	sesgo	El sesgo de Anclaje, descrito por Kahneman y Tversky, muestra que cualquier número que veamos primero actúa como punto de referencia que contamina todas las estimaciones posteriores. Dan Ariely lo llama "Coherencia Arbitraria": el primer precio que vemos se convierte en el estándar mental, incluso si fue completamente aleatorio.	O viés de Ancoragem e Ajuste, descrito por Kahneman e Tversky, mostra que qualquer número que vejamos primeiro age como ponto de referência que contamina todas as estimativas posteriores. Dan Ariely chama isso de "Coerência Arbitrária": o primeiro preço que vemos se torna o padrão mental, mesmo que tenha sido completamente aleatório.
sesgo.anclaje.mechanism	sesgo	El Sistema 1 es insuficientemente crítico con el ancla inicial. El ajuste desde el ancla siempre es insuficiente porque nos detenemos en el primer valor "plausible". No importa si el ancla es relevante o ridícula — su efecto persiste.	O Sistema 1 é insuficientemente crítico com a âncora inicial. O ajuste a partir da âncora é sempre insuficiente porque paramos no primeiro valor "plausível". Não importa se a âncora é relevante ou absurda — seu efeito persiste.
sesgo.anclaje.trapQuestion	sesgo	¿Cuánta gente hay en Turquía? Ahora: primero dime, ¿hay más o menos de 10 millones? — Después de pensar en 10M, tu respuesta será diferente que si te hubiera dicho 100M primero. El número arbitrario te ancló.	Quantas pessoas há na Turquia? Agora: antes, me diga — há mais ou menos de 10 milhões? — Depois de pensar em 10M, sua resposta será diferente do que se eu tivesse dito 100M primeiro. O número arbitrário te ancorou.
sesgo.anclaje.example.0.label	sesgo	Negociación	Negociação
sesgo.anclaje.example.0.text	sesgo	En una negociación salarial, quien pone el primer número sobre la mesa ancla toda la discusión. El que responde siempre ajusta desde ese punto, no desde su valor real.	Em uma negociação salarial, quem coloca o primeiro número na mesa ancora toda a discussão. Quem responde sempre ajusta a partir desse ponto, não a partir do seu valor real.
sesgo.anclaje.example.1.label	sesgo	Inversión	Investimento
sesgo.anclaje.example.1.text	sesgo	Una acción que compraste a $200 y ahora vale $80. Tu ancla es $200 y percibes $80 como "barata", aunque $80 pueda ser todavía cara según los fundamentals actuales.	Uma ação que você comprou a R$ 200 e agora vale R$ 80. Sua âncora é R$ 200 e você percebe R$ 80 como "barata", embora R$ 80 ainda possa ser cara com base nos fundamentals atuais.
sesgo.anclaje.example.2.label	sesgo	Precios	Preços
sesgo.anclaje.example.2.text	sesgo	En un restaurante, el vino más caro del menú existe para hacer que el segundo más caro parezca razonable — el precio alto ancla la percepción de valor.	Em um restaurante, o vinho mais caro do cardápio existe para fazer o segundo mais caro parecer razoável — o preço alto ancora a percepção de valor.
sesgo.anclaje.antidote.0	sesgo	Define tu estimación ANTES de ver cualquier precio o número de referencia.	Defina sua estimativa ANTES de ver qualquer preço ou número de referência.
sesgo.anclaje.antidote.1	sesgo	Pregúntate: "¿Sería mi estimación la misma si nunca hubiera visto ese número?"	Pergunte-se: "Minha estimativa seria a mesma se eu nunca tivesse visto esse número?"
sesgo.anclaje.antidote.2	sesgo	Usa múltiples metodologías de valuación independientes antes de comparar.	Use múltiplas metodologias de valuation independentes antes de comparar.
sesgo.anclaje.antidote.3	sesgo	En negociaciones: si el otro ancla primero, señala explícitamente que el ancla es arbitraria antes de contra-proponer.	Em negociações: se o outro ancorar primeiro, aponte explicitamente que a âncora é arbitrária antes de fazer uma contraproposta.
sesgo.anclaje.question.0.situation	sesgo	Una acción que compraste a $150 ahora cotiza a $60. El analista dice que el precio justo es $55. ¿Cómo percibes $60?	Uma ação que você comprou a R$ 150 agora está cotada a R$ 60. O analista diz que o preço justo é R$ 55. Como você percebe R$ 60?
sesgo.anclaje.question.0.option.0.text	sesgo	Está barata — está muy por debajo de los $150 que pagué	Está barata — está muito abaixo dos R$ 150 que paguei
sesgo.anclaje.question.0.option.0.reveal	sesgo	Anclaje: tu precio de compra ($150) contamina tu percepción del valor actual. $60 puede ser caro si el valor es $55	Ancoragem: seu preço de compra (R$ 150) contamina sua percepção do valor atual. R$ 60 pode ser caro se o valor justo é R$ 55
sesgo.anclaje.question.0.option.1.text	sesgo	Evalúo si $60 es barata o cara basándome en el análisis actual, no en lo que pagué	Avalio se R$ 60 está barata ou cara com base na análise atual, não no que paguei
sesgo.anclaje.question.0.option.1.reveal	sesgo	Racional: el precio de compra es históricamente irrelevante para la decisión de hoy	Racional: o preço de compra é historicamente irrelevante para a decisão de hoje
sesgo.anclaje.question.1.situation	sesgo	Vas a negociar tu sueldo. ¿Cuál es tu estrategia?	Você vai negociar seu salário. Qual é a sua estratégia?
sesgo.anclaje.question.1.option.0.text	sesgo	Espero a que el empleador proponga primero — no quiero quedar mal pidiendo mucho	Espero o empregador propor primeiro — não quero passar mal pedindo muito
sesgo.anclaje.question.1.option.0.reveal	sesgo	Error: quien ancla primero tiene ventaja. El primero que menciona un número establece el punto de referencia para toda la negociación	Erro: quem ancora primeiro leva vantagem. Quem menciona um número primeiro estabelece o ponto de referência para toda a negociação
sesgo.anclaje.question.1.option.1.text	sesgo	Propongo primero un número alto pero razonable — quiero anclar yo la conversación	Proponho primeiro um número alto mas razoável — quero ancorar eu a conversa
sesgo.anclaje.question.1.option.1.reveal	sesgo	Racional: anclar primero con un número ambicioso pero creíble sesga el acuerdo final hacia tu favor	Racional: ancorar primeiro com um número ambicioso mas crível direciona o acordo final a seu favor
sesgo.anclaje.question.2.situation	sesgo	Ves un reloj de $5,000 en el aparador de una tienda de lujo. Entras a preguntar por un reloj que buscabas. Te ofrecen uno a $1,200. ¿Cómo lo percibes?	Você vê um relógio de R$ 5.000 na vitrine de uma loja de luxo. Entra para perguntar sobre um relógio que estava procurando. Oferecem um por R$ 1.200. Como você o percebe?
sesgo.anclaje.question.2.option.0.text	sesgo	Parece razonable — es mucho menos que el de $5,000 de la vitrina	Parece razoável — é muito menos que o de R$ 5.000 da vitrine
sesgo.anclaje.question.2.option.0.reveal	sesgo	Anclaje por diseño: las tiendas de lujo ponen artículos caros en la vitrina precisamente para anclar tu percepción de valor	Ancoragem por design: lojas de luxo colocam artigos caros na vitrine exatamente para ancorar sua percepção de valor
sesgo.anclaje.question.2.option.1.text	sesgo	Evalúo $1,200 como si no hubiera visto el reloj de $5,000 — ¿es ese precio justo para lo que quiero?	Avalio R$ 1.200 como se não tivesse visto o relógio de R$ 5.000 — esse preço é justo para o que eu quero?
sesgo.anclaje.question.2.option.1.reveal	sesgo	Racional: el ancla fue colocada intencionalmente para contaminar tu evaluación	Racional: a âncora foi colocada intencionalmente para contaminar sua avaliação
sesgo.anclaje.fixation.0.question	sesgo	¿Qué es el "ancla" en el sesgo de anclaje?	O que é a "âncora" no viés de ancoragem?
sesgo.anclaje.fixation.0.option.0	sesgo	El primer dato que recibimos y que influye desproporcionadamente en nuestra estimación	O primeiro dado que recebemos e que influencia desproporcionalmente nossa estimativa
sesgo.anclaje.fixation.0.option.1	sesgo	El precio final que pagamos por un producto	O preço final que pagamos por um produto
sesgo.anclaje.fixation.0.option.2	sesgo	La decisión más racional en una negociación	A decisão mais racional em uma negociação
sesgo.anclaje.fixation.1.question	sesgo	Un vendedor anuncia precio original $10,000 con 50% de descuento. ¿Cuál es el efecto del anclaje?	Um vendedor anuncia preço original R$ 10.000 com 50% de desconto. Qual é o efeito da ancoragem?
sesgo.anclaje.fixation.1.option.0	sesgo	El descuento nos hace creer que $5,000 es una ganga, aunque no sepamos si ese era el precio justo	O desconto nos faz acreditar que R$ 5.000 é uma pechincha, embora não saibamos se esse era o preço justo
sesgo.anclaje.fixation.1.option.1	sesgo	El precio de $5,000 es objetivamente barato porque bajó	O preço de R$ 5.000 é objetivamente barato porque baixou
sesgo.anclaje.fixation.1.option.2	sesgo	Solo hay anclaje si el comprador conocía el precio original antes	Só há ancoragem se o comprador conhecia o preço original antes
sesgo.anclaje.fixation.2.question	sesgo	Según Dan Ariely, ¿qué es la "coherencia arbitraria"?	Segundo Dan Ariely, o que é a "coerência arbitrária"?
sesgo.anclaje.fixation.2.option.0	sesgo	Los precios iniciales aleatorios se vuelven el estándar mental con el que comparamos todo lo demás	Os preços iniciais aleatórios se tornam o padrão mental com o qual comparamos tudo o mais
sesgo.anclaje.fixation.2.option.1	sesgo	Las personas siempre negocian de forma coherente aunque los precios sean arbitrarios	As pessoas sempre negociam de forma coerente mesmo que os preços sejam arbitrários
sesgo.anclaje.fixation.2.option.2	sesgo	El cerebro ignora los precios iniciales y decide solo con información nueva	O cérebro ignora os preços iniciais e decide apenas com informação nova
profile.PP.name	profile	Passive Preserver	Passive Preserver
profile.PP.nameEs	profile	Preservador Pasivo	Preservador Passivo
profile.PP.tagline	profile	Emocional · Pasivo — Tu prioridad es proteger lo que tienes	Emocional · Passivo — Sua prioridade é proteger o que você tem
profile.PP.description	profile	Tiendes a priorizar la seguridad y la preservación de tu patrimonio por encima del crecimiento. Tus decisiones financieras están fuertemente influenciadas por el miedo a perder. Eres cuidadoso y constante, pero corres el riesgo de que la inflación erosione tu capital al evitar el riesgo necesario.	Você tende a priorizar a segurança e a preservação do seu patrimônio acima do crescimento. Suas decisões financeiras são fortemente influenciadas pelo medo de perder. Você é cuidadoso e constante, mas corre o risco de a inflação corroer seu capital ao evitar o risco necessário.
profile.PP.bias.0.name	profile	Aversión a la pérdida	Aversão à perda
profile.PP.bias.0.desc	profile	Sientes las pérdidas con más intensidad que las ganancias equivalentes. Perder $1,000 te duele más de lo que te alegra ganar $1,000.	Você sente as perdas com mais intensidade do que os ganhos equivalentes. Perder R$ 300 dói mais do que ganhar R$ 300 alegra.
profile.PP.bias.1.name	profile	Sesgo de status quo	Viés de Status Quo
profile.PP.bias.1.desc	profile	Prefieres mantener las cosas como están, incluso cuando cambiar podría beneficiarte. "Mejor malo conocido que bueno por conocer."	Você prefere manter as coisas como estão, mesmo quando mudar poderia te beneficiar. "Antes o mal conhecido do que o bem por conhecer."
profile.PP.bias.2.name	profile	Efecto dotación	Efeito dotação
profile.PP.bias.2.desc	profile	Sobrevaloras lo que ya posees simplemente porque es tuyo, lo que te hace resistente a vender o intercambiar.	Você supervaloriza o que já possui simplesmente porque é seu, o que te torna resistente a vender ou trocar.
profile.PP.recommendation.0	profile	Entiende que la inflación es un riesgo silencioso: no invertir también es arriesgar.	Entenda que a inflação é um risco silencioso: não investir também é arriscar.
profile.PP.recommendation.1	profile	Empieza con instrumentos de bajo riesgo pero con rendimiento real (Cetesdirecto, SOFIPOS).	Comece com instrumentos de baixo risco mas com rendimento real (Cetesdirecto, SOFIPOS).
profile.PP.recommendation.2	profile	Establece reglas claras antes de invertir para que las emociones no dominen.	Estabeleça regras claras antes de investir para que as emoções não dominem.
profile.PP.recommendation.3	profile	Diversifica gradualmente — no necesitas hacer cambios drásticos, pero sí moverte.	Diversifique gradualmente — você não precisa fazer mudanças drásticas, mas precisa se movimentar.
profile.FK.name	profile	Friendly Follower	Friendly Follower
profile.FK.nameEs	profile	Seguidor Amistoso	Seguidor Amistoso
profile.FK.tagline	profile	Cognitivo · Pasivo — Buscas orientación en personas de confianza	Cognitivo · Passivo — Você busca orientação em pessoas de confiança
profile.FK.description	profile	Tiendes a buscar la opinión de otros antes de tomar decisiones financieras. No es que no pienses — valoras la validación social y el consejo de figuras de autoridad. Tu riesgo está en confiar en voces que suenan seguras pero no necesariamente tienen razón.	Você tende a buscar a opinião de outras pessoas antes de tomar decisões financeiras. Não é que você não pense — você valoriza a validação social e o conselho de figuras de autoridade. Seu risco está em confiar em vozes que soam seguras, mas que não necessariamente têm razão.
profile.FK.bias.0.name	profile	Efecto manada (Herding)	Efeito manada (Herding)
profile.FK.bias.0.desc	profile	Tiendes a seguir lo que hace la mayoría. Si todos compran, compras. La multitud no siempre tiene razón.	Você tende a seguir o que a maioria faz. Se todos compram, você compra. A multidão nem sempre tem razão.
profile.FK.bias.1.name	profile	Sesgo de autoridad	Viés de Autoridade
profile.FK.bias.1.desc	profile	Das demasiado peso a la opinión de figuras que percibes como expertos, sin cuestionar si realmente lo son.	Você dá peso excessivo à opinião de figuras que percebe como especialistas, sem questionar se realmente o são.
profile.FK.bias.2.name	profile	Sesgo de disponibilidad	Viés de disponibilidade
profile.FK.bias.2.desc	profile	Das más importancia a la información más reciente y visible. Si el mercado subió esta semana, crees que seguirá subiendo.	Você dá mais importância à informação mais recente e visível. Se o mercado subiu essa semana, você acredita que vai continuar subindo.
profile.FK.recommendation.0	profile	Desarrolla tu propio criterio: antes de preguntar, escribe qué harías tú y por qué.	Desenvolva seu próprio critério: antes de perguntar para alguém, escreva o que você faria e por quê.
profile.FK.recommendation.1	profile	Cuestiona las fuentes: ¿esa persona realmente sabe, o solo suena segura?	Questione as fontes: essa pessoa realmente sabe, ou apenas parece segura?
profile.FK.recommendation.2	profile	Diversifica tus fuentes de información — no dependas de una sola persona.	Diversifique suas fontes de informação — não dependa de uma única pessoa.
profile.FK.recommendation.3	profile	Practica tomando decisiones pequeñas por tu cuenta para construir confianza.	Pratique tomar decisões pequenas por conta própria para construir confiança.
profile.II.name	profile	Independent Individualist	Independent Individualist
profile.II.nameEs	profile	Individualista Independiente	Individualista Independente
profile.II.tagline	profile	Cognitivo · Activo — Analizas, investigas y decides por tu cuenta	Cognitivo · Ativo — Você analisa, pesquisa e decide por conta própria
profile.II.description	profile	Eres analítico y autosuficiente. Investigas antes de decidir y confías en tu propio juicio. Tu riesgo está en creer que siempre tienes la razón y que tu análisis es mejor de lo que es en realidad.	Você é analítico e autossuficiente. Pesquisa antes de decidir e confia no próprio julgamento. Seu risco está em acreditar que sempre tem razão e que sua análise é melhor do que realmente é.
profile.II.bias.0.name	profile	Exceso de confianza	Excesso de Confiança
profile.II.bias.0.desc	profile	Sobreestimas tu capacidad para predecir resultados. Tu análisis puede ser sólido pero no infalible.	Você superestima sua capacidade de prever resultados. Sua análise pode ser sólida, mas não é infalível.
profile.II.bias.1.name	profile	Sesgo de confirmación	Viés de Confirmação
profile.II.bias.1.desc	profile	Buscas información que confirme lo que ya crees e ignoras la que lo contradice. Tu "investigación" puede ser selectiva.	Você busca informações que confirmam o que já acredita e ignora as que contradizem. Sua "pesquisa" pode ser seletiva.
profile.II.bias.2.name	profile	Ilusión de control	Ilusão de controle
profile.II.bias.2.desc	profile	Crees que puedes controlar o influir en resultados que en realidad son inciertos o aleatorios.	Você acredita que pode controlar ou influenciar resultados que, na realidade, são incertos ou aleatórios.
profile.II.recommendation.0	profile	Busca activamente opiniones contrarias a las tuyas — si solo lees lo que confirma tu tesis, no estás investigando.	Busque ativamente opiniões contrárias às suas — se você só lê o que confirma sua tese, não está pesquisando de verdade.
profile.II.recommendation.1	profile	Acepta que el mercado puede ser irracional más tiempo del que tú puedes ser solvente.	Aceite que o mercado pode ser irracional por mais tempo do que você consegue se manter solvente.
profile.II.recommendation.2	profile	Lleva un registro de tus predicciones para medir tu precisión real, no la percibida.	Mantenha um registro das suas previsões para medir sua precisão real, não a percebida.
profile.II.recommendation.3	profile	Considera que pedir consejo no es debilidad — incluso los mejores analistas tienen puntos ciegos.	Considere que pedir conselho não é fraqueza — até os melhores analistas têm pontos cegos.
profile.AA.name	profile	Active Accumulator	Active Accumulator
profile.AA.nameEs	profile	Acumulador Activo	Acumulador Ativo
profile.AA.tagline	profile	Emocional · Activo — Actúas rápido y buscas crecimiento	Emocional · Ativo — Você age rápido e busca crescimento
profile.AA.description	profile	Eres decidido, arriesgado y orientado a la acción. Te gusta tomar el control y no te da miedo apostar. Tu riesgo es confundir actividad con progreso — más operaciones no siempre significan mejores resultados.	Você é decidido, arrojado e orientado à ação. Gosta de assumir o controle e não tem medo de arriscar. Seu risco é confundir atividade com progresso — mais operações nem sempre significam melhores resultados.
profile.AA.bias.0.name	profile	Exceso de confianza	Excesso de Confiança
profile.AA.bias.0.desc	profile	Tu seguridad al actuar puede hacerte subestimar los riesgos reales.	Sua segurança ao agir pode fazer você subestimar os riscos reais.
profile.AA.bias.1.name	profile	Ilusión de control	Ilusão de controle
profile.AA.bias.1.desc	profile	Crees que al estar activo y tomar decisiones, controlas el resultado. El azar juega un papel mayor de lo que percibes.	Você acredita que, ao estar ativo e tomar decisões, controla o resultado. O acaso desempenha um papel maior do que você percebe.
profile.AA.bias.2.name	profile	Sesgo de acción	Viés de ação
profile.AA.bias.2.desc	profile	Prefieres hacer algo — lo que sea — antes que no hacer nada. A veces la mejor decisión es esperar.	Você prefere fazer algo — qualquer coisa — a não fazer nada. Às vezes a melhor decisão é esperar.
profile.AA.recommendation.0	profile	Implementa reglas de stop-loss y toma de ganancias ANTES de invertir, no en el momento.	Implemente regras de stop-loss e realização de ganhos ANTES de investir, não no momento.
profile.AA.recommendation.1	profile	No confundas actividad con productividad — a veces la mejor inversión es no hacer nada.	Não confunda atividade com produtividade — às vezes o melhor investimento é não fazer nada.
profile.AA.recommendation.2	profile	Antes de actuar por impulso, espera 24 horas. Si mañana sigue pareciendo buena idea, adelante.	Antes de agir por impulso, espere 24 horas. Se amanhã ainda parecer uma boa ideia, vá em frente.
profile.AA.recommendation.3	profile	Calcula cuánto te han costado tus decisiones impulsivas — el dato te puede sorprender.	Calcule quanto suas decisões impulsivas já custaram — o número pode te surpreender.
report.mecanismo.dolor.name	report	Aversión al Dolor	Aversão à Dor
report.mecanismo.dolor.phrase	report	El cerebro evita registrar pérdidas	O cérebro evita registrar perdas
report.mecanismo.dolor.desc	report	El cerebro siente el dolor de perder aproximadamente el doble que el placer de ganar (Kahneman & Tversky). Para evitar ese dolor, distorsiona la realidad — aplaza decisiones, inventa justificaciones, se aferra al pasado.	O cérebro sente a dor de perder aproximadamente o dobro do prazer de ganhar (Kahneman & Tversky). Para evitar essa dor, distorce a realidade — adia decisões, inventa justificativas, apega-se ao passado.
report.mecanismo.dolor.relation	report	Los sesgos de este mecanismo te hacen mantener inversiones perdedoras "para no realizar la pérdida", valorar de más lo que ya posees, y seguir metiendo dinero en decisiones fallidas por el costo hundido.	Os vieses deste mecanismo fazem você manter investimentos perdedores "para não realizar a perda", supervalorizar o que já possui e continuar colocando dinheiro em decisões fracassadas pelo custo afundado.
report.mecanismo.ego.name	report	Protección del Ego	Proteção do Ego
report.mecanismo.ego.phrase	report	El cerebro distorsiona hechos para preservar la autoimagen	O cérebro distorce fatos para preservar a autoimagem
report.mecanismo.ego.desc	report	Tenemos una necesidad profunda de mantener una autoimagen positiva y coherente. Cuando la realidad amenaza esa imagen, el cerebro prefiere distorsionar los hechos antes que revisar la creencia sobre sí mismo.	Temos uma necessidade profunda de manter uma autoimagem positiva e coerente. Quando a realidade ameaça essa imagem, o cérebro prefere distorcer os fatos a revisar a crença que tem sobre si mesmo.
report.mecanismo.ego.relation	report	Los sesgos de este mecanismo te hacen ver solo la información que confirma tu tesis, atribuir tus éxitos a tu habilidad y los fracasos al mercado, y sobreestimar sistemáticamente tu precisión al predecir.	Os vieses deste mecanismo fazem você enxergar apenas as informações que confirmam sua tese, atribuir seus sucessos à sua habilidade e os fracassos ao mercado, e superestimar sistematicamente sua precisão ao fazer previsões.
report.mecanismo.econ.name	report	Economía Cognitiva	Economia Cognitiva
report.mecanismo.econ.phrase	report	El cerebro sustituye preguntas difíciles por atajos	O cérebro substitui perguntas difíceis por atalhos
report.mecanismo.econ.desc	report	El cerebro es perezoso por diseño — pensar quema energía. Para ahorrarla, sustituye preguntas difíciles ("¿cuál es el valor intrínseco?") por atajos fáciles ("¿cómo se ve?"). El problema es que no avisa cuando lo está haciendo.	O cérebro é preguiçoso por design — pensar consome energia. Para economizá-la, substitui perguntas difíceis ("qual é o valor intrínseco?") por atalhos fáceis ("como isso parece?"). O problema é que ele não avisa quando está fazendo isso.
report.mecanismo.econ.relation	report	Los sesgos de este mecanismo te hacen anclarte en el primer número que viste, tratar el dinero de modo diferente según su origen, y juzgar probabilidades por la facilidad con que recuerdas ejemplos.	Os vieses deste mecanismo fazem você se ancorar no primeiro número que viu, tratar o dinheiro de forma diferente conforme sua origem e julgar probabilidades pela facilidade com que se lembra de exemplos.
report.mecanismo.grupo.name	report	Necesidad de Pertenencia	Necessidade de Pertencimento
report.mecanismo.grupo.phrase	report	El cerebro terceriza decisiones al grupo	O cérebro terceiriza decisões para o grupo
report.mecanismo.grupo.desc	report	El aislamiento fue históricamente peligroso; por eso desarrollamos un instinto potente de alinearnos con el consenso, especialmente bajo incertidumbre. El cerebro trata al grupo como proxy de la verdad.	O isolamento foi historicamente perigoso; por isso desenvolvemos um instinto poderoso de nos alinhar ao consenso, especialmente diante da incerteza. O cérebro trata o grupo como referência de verdade.
report.mecanismo.grupo.relation	report	Los sesgos de este mecanismo te hacen entrar a inversiones porque "todos están entrando", obedecer a figuras de autoridad sin cuestionar, y generalizar una buena impresión a toda una empresa o persona.	Os vieses deste mecanismo fazem você entrar em investimentos porque "todo mundo está entrando", obedecer a figuras de autoridade sem questionar e generalizar uma boa impressão a toda uma empresa ou pessoa.
report.mecanismo.tiempo.name	report	Presente vs. Futuro	Presente vs. Futuro
report.mecanismo.tiempo.phrase	report	El cerebro sobrevalora el ahora	O cérebro supervaloriza o agora
report.mecanismo.tiempo.desc	report	El cerebro tiene dificultad genuina para imaginar al yo futuro como una persona real. Esta asimetría nos empuja a sacrificar sistemáticamente el futuro por el presente — no por falta de información, sino por una limitación cognitiva.	O cérebro tem dificuldade genuína de imaginar o eu futuro como uma pessoa real. Essa assimetria nos empurra a sacrificar sistematicamente o futuro pelo presente — não por falta de informação, mas por uma limitação cognitiva.
report.mecanismo.tiempo.relation	report	Los sesgos de este mecanismo te hacen mantener el status quo por inercia, fallar en el ahorro de largo plazo por gastar hoy, y postergar decisiones importantes cuando requieren esfuerzo presente.	Os vieses deste mecanismo fazem você manter o status quo por inércia, falhar na poupança de longo prazo por gastar hoje e postergar decisões importantes quando exigem esforço no presente.
report.antidoto.precom.name	report	Pre-compromiso	Pré-compromisso
report.antidoto.precom.what	report	Tomar la decisión en frío, por escrito y por adelantado — antes de que aparezca la situación emocional.	Tomar a decisão em estado frio, por escrito e com antecedência — antes que a situação emocional apareça.
report.antidoto.precom.how	report	Define hoy reglas claras: "Si el mercado cae X%, rebalanceo. Si tengo sobrante a fin de mes, va automático a mi fondo indexado." Automatiza donde puedas (transferencias programadas) para que tu yo futuro no tenga que decidir en el momento.	Defina hoje regras claras: "Se o mercado cair X%, rebalanceio. Se sobrar dinheiro no fim do mês, vai automaticamente para o meu fundo indexado." Automatize onde puder (transferências programadas) para que o seu eu futuro não precise decidir no momento.
report.antidoto.diario.name	report	Diario de Decisiones	Diário de Decisões
report.antidoto.diario.what	report	Registro escrito de cada decisión de inversión: tesis, razones, resultado esperado, fecha — para poder revisar después si hubo habilidad o suerte.	Registro escrito de cada decisão de investimento: tese, razões, resultado esperado, data — para poder revisar depois se houve habilidade ou sorte.
report.antidoto.diario.how	report	Antes de cada inversión, escribe en 5 líneas: "Compro X porque Y. Espero Z resultado para la fecha W. Vendo si pasa A." Revisa mensualmente. Con el tiempo verás el patrón real de tus aciertos vs tus justificaciones post-hoc.	Antes de cada investimento, escreva em 5 linhas: "Compro X porque Y. Espero o resultado Z para a data W. Vendo se acontecer A." Revise mensalmente. Com o tempo, você verá o padrão real dos seus acertos vs. suas justificativas posteriores.
report.antidoto.s2.name	report	Activar Sistema 2	Ativar Sistema 2
report.antidoto.s2.what	report	Interrumpir deliberadamente el modo automático (Sistema 1, rápido y emocional) para pasar al modo analítico (Sistema 2, lento y deliberado) antes de decidir.	Interromper deliberadamente o modo automático (Sistema 1, rápido e emocional) para passar ao modo analítico (Sistema 2, lento e deliberado) antes de decidir.
report.antidoto.s2.how	report	Impón una pausa: 24 horas entre el impulso y la acción. Durante esa pausa, hazte 3 preguntas por escrito: "¿Qué información me falta? ¿Qué asumo sin verificar? ¿Cómo sabré si me equivoqué?" Si las respuestas no son claras, no decidas aún.	Imponha uma pausa: 24 horas entre o impulso e a ação. Durante essa pausa, faça 3 perguntas por escrito: "Que informação me falta? O que estou assumindo sem verificar? Como saberei se errei?" Se as respostas não forem claras, não decida ainda.
report.antidoto.votcie.name	report	Votación Ciega	Votação Cega
report.antidoto.votcie.what	report	Expresar tu opinión por escrito antes de escuchar la del grupo, para evitar que el consenso te contamine.	Expressar sua opinião por escrito antes de ouvir a do grupo, para evitar que o consenso contamine seu julgamento.
report.antidoto.votcie.how	report	En reuniones o comités: antes de abrir la discusión, cada participante escribe su posición en un papel. Se revelan simultáneamente. Así se rompe el efecto cascada donde todos se alinean con el primero que habló.	Em reuniões ou comitês: antes de abrir a discussão, cada participante escreve sua posição em um papel. As posições são reveladas simultaneamente. Assim se quebra o efeito cascata em que todos se alinham com quem falou primeiro.
report.antidoto.testnd.name	report	Test del Dinero Nuevo	Teste do Dinheiro Novo
report.antidoto.testnd.what	report	Tratar cada peso como si acabara de llegar a tus manos — ignorando su origen y tu historial con él.	Tratar cada real como se acabasse de chegar às suas mãos — ignorando sua origem e seu histórico com ele.
report.antidoto.testnd.how	report	Ante una inversión perdedora pregúntate: "Si me dieran este dinero hoy en efectivo, ¿compraría esta posición?" Si la respuesta es no, véndela. El precio al que compraste es irrelevante — solo cuenta el presente y el futuro.	Diante de um investimento perdedor, pergunte-se: "Se me dessem esse dinheiro hoje em mãos, compraria esta posição?" Se a resposta for não, venda. O preço que você pagou é irrelevante — só importam o presente e o futuro.
report.antidoto.premortem.name	report	Pre-mortem	Pré-mortem
report.antidoto.premortem.what	report	Imaginar que tu decisión ya fracasó, y retroceder para identificar por qué — antes de tomarla.	Imaginar que sua decisão já fracassou e voltar no tempo para identificar por quê — antes de tomá-la.
report.antidoto.premortem.how	report	Antes de actuar, escribe: "Estamos en 12 meses en el futuro. Esta inversión fue un desastre. ¿Qué salió mal?" Enumera 5 razones plausibles. Si alguna tiene probabilidad real, ajusta el plan o no inviertas. Funciona porque desactiva el exceso de optimismo.	Antes de agir, escreva: "Estamos 12 meses no futuro. Este investimento foi um desastre. O que deu errado?" Liste 5 razões plausíveis. Se alguma tiver probabilidade real, ajuste o plano ou não invista. Funciona porque desativa o excesso de otimismo.
report.antidoto.steelman.name	report	Steel-manning	Steel-manning
report.antidoto.steelman.what	report	Construir el mejor argumento posible CONTRA tu propia tesis — el opuesto al "straw-man" que simplifica al oponente.	Construir o melhor argumento possível CONTRA a sua própria tese — o oposto do "straw-man" que simplifica o oponente.
report.antidoto.steelman.how	report	Antes de invertir: escribe el caso más fuerte para NO hacerlo. Busca activamente análisis contrarios, bajistas, críticos. Si después de leer el mejor contra-argumento sigues convencido, procede. Si no puedes formular un contra-argumento serio, probablemente tienes confirmation bias.	Antes de investir: escreva o argumento mais forte para NÃO fazê-lo. Busque ativamente análises contrárias, baixistas, críticas. Se após ler o melhor contra-argumento você continuar convicto, prossiga. Se não conseguir formular um contra-argumento sério, provavelmente tem viés de confirmação.
report.antidoto.chklist.name	report	Checklist de Sistema 2	Checklist de Sistema 2
report.antidoto.chklist.what	report	Lista fija de preguntas que te obligas a responder antes de cualquier decisión financiera — como los pilotos antes de despegar.	Lista fixa de perguntas que você se obriga a responder antes de qualquer decisão financeira — como os pilotos antes de decolar.
report.antidoto.chklist.how	report	Arma tu checklist de 5–7 ítems: "¿Conozco los costos? ¿Cuál es el peor escenario? ¿Cuánto perdería? ¿Qué evidencia contraria ignoré? ¿Esto cabe en mi plan?" Fuerza la pausa analítica y evita decisiones por impulso o por historia coherente pero no verificada.	Monte seu checklist de 5 a 7 itens: "Conheço os custos? Qual é o pior cenário? Quanto perderia? Que evidências contrárias ignorei? Isso cabe no meu plano?" Isso força a pausa analítica e evita decisões por impulso ou por uma narrativa coerente mas não verificada.
report.matrix.PP.0.sit	report	Mercado cae 15% en una semana	Mercado cai 15% em uma semana
report.matrix.PP.0.tendency	report	Paralizarte o vender en pánico al peor precio para "detener el dolor".	Paralisar ou vender em pânico no pior preço para "parar a dor".
report.matrix.PP.0.rational	report	Rebalancear según tu asignación objetivo. Si la tesis no cambió, las caídas son oportunidades — no razones para salir.	Rebalancear conforme sua alocação-alvo. Se a tese não mudou, as quedas são oportunidades — não motivos para sair.
report.matrix.PP.1.sit	report	Te ofrecen una inversión nueva	Oferecem a você um investimento novo
report.matrix.PP.1.tendency	report	Rechazar por defecto — "mejor lo conocido que lo seguro desconocido".	Recusar por padrão — "melhor o conhecido do que o seguro desconhecido".
report.matrix.PP.1.rational	report	Evaluar contra tu marco de decisión escrito. Si cumple los criterios, invertir una fracción pequeña de prueba.	Avaliar com base no seu critério de decisão escrito. Se atender aos critérios, investir uma fração pequena como teste.
report.matrix.PP.2.sit	report	Sobra dinero a fin de mes	Sobra dinheiro no fim do mês
report.matrix.PP.2.tendency	report	Dejarlo acumulándose en la cuenta de ahorros.	Deixá-lo acumulando na conta poupança.
report.matrix.PP.2.rational	report	Contribución automática (pre-compromiso) a tu portafolio diversificado — decidida en frío, ejecutada en automático.	Aporte automático (pré-compromisso) no seu portfólio diversificado — decidido em estado frio, executado de forma automática.
report.matrix.FK.0.sit	report	Un amigo te habla de una "oportunidad única"	Um amigo lhe fala de uma "oportunidade única"
report.matrix.FK.0.tendency	report	Entrar rápido por FOMO, sin investigar los fundamentos.	Entrar rápido por FOMO, sem investigar os fundamentals.
report.matrix.FK.0.rational	report	Escribir tu tesis independiente antes de consultarlo con nadie más. Si después de 48 horas sigue atractiva, entonces valorar posición pequeña.	Escrever sua tese independente antes de consultá-la com qualquer pessoa. Se depois de 48 horas ainda parecer atraente, então avaliar uma posição pequena.
report.matrix.FK.1.sit	report	Mercado sube fuertemente durante meses	Mercado sobe fortemente durante meses
report.matrix.FK.1.tendency	report	Entrar tarde al rally cuando todos ya hablan de eso.	Entrar tarde no rally quando todo mundo já está falando nisso.
report.matrix.FK.1.rational	report	Ceñirte al plan previo. La multitud que entra tarde suele ser la que vende primero cuando cae.	Ater-se ao plano anterior. A multidão que entra tarde costuma ser a que vende primeiro quando o mercado cai.
report.matrix.FK.2.sit	report	Comité de inversión con mayoría que opina X	Comitê de investimento com maioria que opina X
report.matrix.FK.2.tendency	report	Alinearte al consenso grupal para no discrepar.	Alinhar-se ao consenso do grupo para não discordar.
report.matrix.FK.2.rational	report	Votación ciega escrita antes de la discusión. Expresar la opinión contraria aunque incomode.	Votação cega escrita antes da discussão. Expressar a opinião contrária mesmo que cause desconforto.
report.matrix.AA.0.sit	report	Un trade te da un retorno extraordinario	Um trade lhe dá um retorno extraordinário
report.matrix.AA.0.tendency	report	Atribuirlo a tu habilidad y aumentar exposición en el siguiente.	Atribuir à sua habilidade e aumentar a exposição no próximo.
report.matrix.AA.0.rational	report	Diario de decisiones — documentar si la tesis original se cumplió o si fue suerte. Mantener el tamaño de posición pre-definido.	Diário de decisões — documentar se a tese original se confirmou ou se foi sorte. Manter o tamanho de posição pré-definido.
report.matrix.AA.1.sit	report	Tienes una idea "obvia" y muy convencida	Você tem uma ideia "óbvia" e muito convicta
report.matrix.AA.1.tendency	report	Concentrar una fracción grande del portafolio en esa tesis.	Concentrar uma fração grande do portfólio nessa tese.
report.matrix.AA.1.rational	report	Pre-mortem: asumir que dentro de 12 meses la idea resultó errada — ¿por qué? Diversificación forzada con topes de concentración.	Pré-mortem: assumir que em 12 meses a ideia se mostrou errada — por quê? Diversificação forçada com limites de concentração.
report.matrix.AA.2.sit	report	Un stop-loss se dispara	Um stop-loss é acionado
report.matrix.AA.2.tendency	report	Ignorarlo y promediar a la baja — "el mercado está equivocado".	Ignorá-lo e fazer preço médio na baixa — "o mercado está errado".
report.matrix.AA.2.rational	report	Ejecutar el stop exactamente como se definió en frío. La tesis se revisa después, con cabeza fría, no durante la caída.	Executar o stop exatamente como definido em estado frio. A tese é revisada depois, com a cabeça fria, não durante a queda.
report.matrix.II.0.sit	report	Tu análisis contradice al consenso del mercado	Sua análise contradiz o consenso do mercado
report.matrix.II.0.tendency	report	Ignorar el consenso — "ellos no ven lo que yo veo".	Ignorar o consenso — "eles não enxergam o que eu enxergo".
report.matrix.II.0.rational	report	Steel-manning: escribe el mejor argumento que justifica la posición contraria. Si no puedes, probablemente tienes confirmation bias.	Steel-manning: escreva o melhor argumento que justifica a posição contrária. Se não conseguir, provavelmente há viés de confirmação.
report.matrix.II.1.sit	report	Investigas un sector nuevo y te sientes experto rápido	Você pesquisa um setor novo e se sente especialista rapidamente
report.matrix.II.1.tendency	report	Tomar posiciones sofisticadas basadas en tu análisis propio.	Tomar posições sofisticadas baseadas na sua própria análise.
report.matrix.II.1.rational	report	Activación deliberada del Sistema 2: checklist de preguntas — ¿qué no sé? ¿qué asumo? ¿qué evidencia contraria hay? Posición pequeña mientras calibras.	Ativação deliberada do Sistema 2: checklist de perguntas — o que não sei? o que estou assumindo? que evidências contrárias existem? Posição pequena enquanto você calibra.
report.matrix.II.2.sit	report	Un asesor te sugiere reducir concentración	Um assessor sugere reduzir a concentração
report.matrix.II.2.tendency	report	Desestimar el consejo — "no entiende mi tesis".	Descartar o conselho — "ele não entende minha tese".
report.matrix.II.2.rational	report	Diario de decisiones: ¿cuántas veces en el pasado el exceso de confianza costó más que la prudencia? Evaluar la concentración con criterios objetivos.	Diário de decisões: quantas vezes no passado o excesso de confiança custou mais do que a prudência? Avaliar a concentração com critérios objetivos.
report.nextstep.otro-curso.label	report	Otro curso en este mismo formato	Outro curso neste mesmo formato
report.nextstep.otro-curso.hint	report	ej. Negociación, Inversiones, Valuación	ex. Negociação, Investimentos, Valuation
report.nextstep.saber-mas.label	report	Saber más sobre finanzas conductuales	Saber mais sobre finanças comportamentais
report.nextstep.saber-mas.hint	report	Lecturas, videos, referencias para profundizar	Leituras, vídeos, referências para aprofundar
report.nextstep.herramientas.label	report	Herramientas prácticas para mitigar sesgos	Ferramentas práticas para mitigar vieses
report.nextstep.herramientas.hint	report	Plantillas, checklists, rutinas accionables	Modelos, checklists, rotinas acionáveis
report.nextstep.coaching.label	report	Coaching 1:1 sobre mi perfil BIT	Coaching 1:1 sobre meu perfil BIT
report.nextstep.coaching.hint	report	Sesiones individuales con Rodrigo	Sessões individuais com Rodrigo
report.nextstep.comunidad.label	report	Comunidad de ex-alumnos	Comunidade de ex-alunos
report.nextstep.comunidad.hint	report	Grupo para seguir aprendiendo y compartir casos	Grupo para continuar aprendendo e compartilhar casos
report.nextstep.corporativa.label	report	Capacitación corporativa Pandava	Capacitação corporativa Pandava
report.nextstep.corporativa.hint	report	Llevar este programa a tu equipo o empresa	Levar este programa para sua equipe ou empresa
report.nextstep.informe-pdf.label	report	Informe PDF exportable	Relatório PDF exportável
report.nextstep.informe-pdf.hint	report	Descargar tu informe final en PDF	Baixar seu relatório final em PDF
